ID,Species,Scientific.Name
1,Highland Tinamou,Nothocercus bonapartei
2,Great Tinamou,Tinamus major
3,Little Tinamou,Crypturellus soui
4,Thicket Tinamou,Crypturellus cinnamomeus
5,Slaty-breasted Tinamou,Crypturellus boucardi
6,Choco Tinamou,Crypturellus kerriae
7,White-faced Whistling-Duck,Dendrocygna viduata
8,Black-bellied Whistling-Duck,Dendrocygna autumnalis
9,West Indian Whistling-Duck,Dendrocygna arborea
10,Fulvous Whistling-Duck,Dendrocygna bicolor
11,Emperor Goose,Anser canagicus
12,Snow Goose,Anser caerulescens
13,Ross's Goose,Anser rossii
14,Graylag Goose,Anser anser
15,Greater White-fronted Goose,Anser albifrons
16,Lesser White-fronted Goose,Anser erythropus
17,Taiga Bean-Goose,Anser fabalis
18,Tundra Bean-Goose,Anser serrirostris
19,Pink-footed Goose,Anser brachyrhynchus
20,Brant,Branta bernicla
21,Barnacle Goose,Branta leucopsis
22,Cackling Goose,Branta hutchinsii
23,Canada Goose,Branta canadensis
24,Hawaiian Goose,Branta sandvicensis
25,Mute Swan,Cygnus olor
26,Trumpeter Swan,Cygnus buccinator
27,Tundra Swan,Cygnus columbianus
28,Whooper Swan,Cygnus cygnus
29,Comb Duck,Sarkidiornis melanotos
30,Orinoco Goose,Neochen jubata
31,Egyptian Goose,Alopochen aegyptiaca
32,Ruddy Shelduck,Tadorna ferruginea
33,Muscovy Duck,Cairina moschata
34,Wood Duck,Aix sponsa
35,Baikal Teal,Sibirionetta formosa
36,Garganey,Spatula querquedula
37,Blue-winged Teal,Spatula discors
38,Cinnamon Teal,Spatula cyanoptera
39,Northern Shoveler,Spatula clypeata
40,Gadwall,Mareca strepera
41,Falcated Duck,Mareca falcata
42,Eurasian Wigeon,Mareca penelope
43,American Wigeon,Mareca americana
44,Laysan Duck,Anas laysanensis
45,Hawaiian Duck,Anas wyvilliana
46,Eastern Spot-billed Duck,Anas zonorhyncha
47,Mallard,Anas platyrhynchos
48,American Black Duck,Anas rubripes
49,Mottled Duck,Anas fulvigula
50,White-cheeked Pintail,Anas bahamensis
51,Northern Pintail,Anas acuta
52,Green-winged Teal,Anas crecca
53,Canvasback,Aythya valisineria
54,Redhead,Aythya americana
55,Common Pochard,Aythya ferina
56,Ring-necked Duck,Aythya collaris
57,Tufted Duck,Aythya fuligula
58,Greater Scaup,Aythya marila
59,Lesser Scaup,Aythya affinis
60,Steller's Eider,Polysticta stelleri
61,Spectacled Eider,Somateria fischeri
62,King Eider,Somateria spectabilis
63,Common Eider,Somateria mollissima
64,Harlequin Duck,Histrionicus histrionicus
65,Labrador Duck,Camptorhynchus labradorius
66,Surf Scoter,Melanitta perspicillata
67,White-winged Scoter,Melanitta fusca
68,Common Scoter,Melanitta nigra
69,Black Scoter,Melanitta americana
70,Long-tailed Duck,Clangula hyemalis
71,Bufflehead,Bucephala albeola
72,Common Goldeneye,Bucephala clangula
73,Barrow's Goldeneye,Bucephala islandica
74,Smew,Mergellus albellus
75,Hooded Merganser,Lophodytes cucullatus
76,Common Merganser,Mergus merganser
77,Red-breasted Merganser,Mergus serrator
78,Masked Duck,Nomonyx dominicus
79,Ruddy Duck,Oxyura jamaicensis
80,Plain Chachalaca,Ortalis vetula
81,Gray-headed Chachalaca,Ortalis cinereiceps
82,Rufous-vented Chachalaca,Ortalis ruficauda
83,Rufous-bellied Chachalaca,Ortalis wagleri
84,West Mexican Chachalaca,Ortalis poliocephala
85,White-bellied Chachalaca,Ortalis leucogastra
86,Crested Guan,Penelope purpurascens
87,Black Guan,Chamaepetes unicolor
88,Highland Guan,Penelopina nigra
89,Horned Guan,Oreophasis derbianus
90,Great Curassow,Crax rubra
91,Helmeted Guineafowl,Numida meleagris
92,Tawny-faced Quail,Rhynchortyx cinctus
93,Mountain Quail,Oreortyx pictus
94,Bearded Wood-Partridge,Dendrortyx barbatus
95,Long-tailed Wood-Partridge,Dendrortyx macroura
96,Buffy-crowned Wood-Partridge,Dendrortyx leucophrys
97,Banded Quail,Philortyx fasciatus
98,Northern Bobwhite,Colinus virginianus
99,Black-throated Bobwhite,Colinus nigrogularis
100,Crested Bobwhite,Colinus cristatus
101,Scaled Quail,Callipepla squamata
102,Elegant Quail,Callipepla douglasii
103,California Quail,Callipepla californica
104,Gambel's Quail,Callipepla gambelii
105,Montezuma Quail,Cyrtonyx montezumae
106,Ocellated Quail,Cyrtonyx ocellatus
107,Singing Quail,Dactylortyx thoracicus
108,Marbled Wood-Quail,Odontophorus gujanensis
109,Black-eared Wood-Quail,Odontophorus melanotis
110,Tacarcuna Wood-Quail,Odontophorus dialeucos
111,Black-breasted Wood-Quail,Odontophorus leucolaemus
112,Spotted Wood-Quail,Odontophorus guttatus
113,Chukar,Alectoris chukar
114,Gray Francolin,Francolinus pondicerianus
115,Black Francolin,Francolinus francolinus
116,Erckel's Francolin,Pternistis erckelii
117,Himalayan Snowcock,Tetraogallus himalayensis
118,Gray Partridge,Perdix perdix
119,Japanese Quail,Coturnix japonica
120,Red Junglefowl,Gallus gallus
121,Kalij Pheasant,Lophura leucomelanos
122,Ring-necked Pheasant,Phasianus colchicus
123,Indian Peafowl,Pavo cristatus
124,Ruffed Grouse,Bonasa umbellus
125,Greater Sage-Grouse,Centrocercus urophasianus
126,Gunnison Sage-Grouse,Centrocercus minimus
127,Spruce Grouse,Falcipennis canadensis
128,Willow Ptarmigan,Lagopus lagopus
129,Rock Ptarmigan,Lagopus muta
130,White-tailed Ptarmigan,Lagopus leucura
131,Dusky Grouse,Dendragapus obscurus
132,Sooty Grouse,Dendragapus fuliginosus
133,Sharp-tailed Grouse,Tympanuchus phasianellus
134,Greater Prairie-Chicken,Tympanuchus cupido
135,Lesser Prairie-Chicken,Tympanuchus pallidicinctus
136,Wild Turkey,Meleagris gallopavo
137,Ocellated Turkey,Meleagris ocellata
138,American Flamingo,Phoenicopterus ruber
139,Least Grebe,Tachybaptus dominicus
140,Pied-billed Grebe,Podilymbus podiceps
141,Atitlan Grebe,Podilymbus gigas
142,Horned Grebe,Podiceps auritus
143,Red-necked Grebe,Podiceps grisegena
144,Eared Grebe,Podiceps nigricollis
145,Western Grebe,Aechmophorus occidentalis
146,Clark's Grebe,Aechmophorus clarkii
147,Chestnut-bellied Sandgrouse,Pterocles exustus
148,Rock Pigeon,Columba livia
149,Pale-vented Pigeon,Patagioenas cayennensis
150,Scaled Pigeon,Patagioenas speciosa
151,Scaly-naped Pigeon,Patagioenas squamosa
152,White-crowned Pigeon,Patagioenas leucocephala
153,Red-billed Pigeon,Patagioenas flavirostris
154,Plain Pigeon,Patagioenas inornata
155,Band-tailed Pigeon,Patagioenas fasciata
156,Ring-tailed Pigeon,Patagioenas caribaea
157,Plumbeous Pigeon,Patagioenas plumbea
158,Ruddy Pigeon,Patagioenas subvinacea
159,Short-billed Pigeon,Patagioenas nigrirostris
160,Dusky Pigeon,Patagioenas goodsoni
161,Oriental Turtle-Dove,Streptopelia orientalis
162,African Collared-Dove,Streptopelia roseogrisea
163,European Turtle-Dove,Streptopelia turtur
164,Eurasian Collared-Dove,Streptopelia decaocto
165,Spotted Dove,Streptopelia chinensis
166,Zebra Dove,Geopelia striata
167,Passenger Pigeon,Ectopistes migratorius
168,Inca Dove,Columbina inca
169,Common Ground-Dove,Columbina passerina
170,Plain-breasted Ground-Dove,Columbina minuta
171,Ruddy Ground-Dove,Columbina talpacoti
172,Blue Ground-Dove,Claravis pretiosa
173,Maroon-chested Ground-Dove,Claravis mondetoura
174,Blue-headed Quail-Dove,Starnoenas cyanocephala
175,Crested Quail-Dove,Geotrygon versicolor
176,Ruddy Quail-Dove,Geotrygon montana
177,Violaceous Quail-Dove,Geotrygon violacea
178,Gray-fronted Quail-Dove,Geotrygon caniceps
179,White-fronted Quail-Dove,Geotrygon leucometopia
180,Key West Quail-Dove,Geotrygon chrysia
181,Bridled Quail-Dove,Geotrygon mystacea
182,Olive-backed Quail-Dove,Leptotrygon veraguensis
183,White-tipped Dove,Leptotila verreauxi
184,Caribbean Dove,Leptotila jamaicensis
185,Gray-chested Dove,Leptotila cassinii
186,Gray-headed Dove,Leptotila plumbeiceps
187,Grenada Dove,Leptotila wellsi
188,Tuxtla Quail-Dove,Zentrygon carrikeri
189,Buff-fronted Quail-Dove,Zentrygon costaricensis
190,Purplish-backed Quail-Dove,Zentrygon lawrencii
191,White-faced Quail-Dove,Zentrygon albifacies
192,Chiriqui Quail-Dove,Zentrygon chiriquensis
193,Russet-crowned Quail-Dove,Zentrygon goldmani
194,White-winged Dove,Zenaida asiatica
195,Zenaida Dove,Zenaida aurita
196,Eared Dove,Zenaida auriculata
197,Mourning Dove,Zenaida macroura
198,Socorro Dove,Zenaida graysoni
199,Common Cuckoo,Cuculus canorus
200,Oriental Cuckoo,Cuculus optatus
201,Little Cuckoo,Coccycua minuta
202,Squirrel Cuckoo,Piaya cayana
203,Dark-billed Cuckoo,Coccyzus melacoryphus
204,Yellow-billed Cuckoo,Coccyzus americanus
205,Pearly-breasted Cuckoo,Coccyzus euleri
206,Mangrove Cuckoo,Coccyzus minor
207,Cocos Cuckoo,Coccyzus ferrugineus
208,Black-billed Cuckoo,Coccyzus erythropthalmus
209,Chestnut-bellied Cuckoo,Coccyzus pluvialis
210,Bay-breasted Cuckoo,Coccyzus rufigularis
211,Jamaican Lizard-Cuckoo,Coccyzus vetula
212,Puerto Rican Lizard-Cuckoo,Coccyzus vieilloti
213,Great Lizard-Cuckoo,Coccyzus merlini
214,Hispaniolan Lizard-Cuckoo,Coccyzus longirostris
215,Striped Cuckoo,Tapera naevia
216,Pheasant Cuckoo,Dromococcyx phasianellus
217,Lesser Ground-Cuckoo,Morococcyx erythropygus
218,Lesser Roadrunner,Geococcyx velox
219,Greater Roadrunner,Geococcyx californianus
220,Rufous-vented Ground-Cuckoo,Neomorphus geoffroyi
221,Greater Ani,Crotophaga major
222,Smooth-billed Ani,Crotophaga ani
223,Groove-billed Ani,Crotophaga sulcirostris
224,Short-tailed Nighthawk,Lurocalis semitorquatus
225,Lesser Nighthawk,Chordeiles acutipennis
226,Common Nighthawk,Chordeiles minor
227,Antillean Nighthawk,Chordeiles gundlachii
228,Common Pauraque,Nyctidromus albicollis
229,Common Poorwill,Phalaenoptilus nuttallii
230,Jamaican Pauraque,Siphonorhis americana
231,Least Pauraque,Siphonorhis brewsteri
232,Eared Poorwill,Nyctiphrynus mcleodii
233,Yucatan Poorwill,Nyctiphrynus yucatanicus
234,Ocellated Poorwill,Nyctiphrynus ocellatus
235,Chuck-will's-widow,Antrostomus carolinensis
236,Rufous Nightjar,Antrostomus rufus
237,Greater Antillean Nightjar,Antrostomus cubanensis
238,Tawny-collared Nightjar,Antrostomus salvini
239,Yucatan Nightjar,Antrostomus badius
240,Buff-collared Nightjar,Antrostomus ridgwayi
241,Eastern Whip-poor-will,Antrostomus vociferus
242,Dusky Nightjar,Antrostomus saturatus
243,Mexican Whip-poor-will,Antrostomus arizonae
244,Puerto Rican Nightjar,Antrostomus noctitherus
245,White-tailed Nightjar,Hydropsalis cayennensis
246,Spot-tailed Nightjar,Hydropsalis maculicaudus
247,Gray Nightjar,Caprimulgus indicus
248,Oilbird,Steatornis caripensis
249,Great Potoo,Nyctibius grandis
250,Common Potoo,Nyctibius griseus
251,Northern Potoo,Nyctibius jamaicensis
252,Black Swift,Cypseloides niger
253,White-fronted Swift,Cypseloides storeri
254,White-chinned Swift,Cypseloides cryptus
255,Spot-fronted Swift,Cypseloides cherriei
256,Chestnut-collared Swift,Streptoprocne rutila
257,White-collared Swift,Streptoprocne zonaris
258,White-naped Swift,Streptoprocne semicollaris
259,Chimney Swift,Chaetura pelagica
260,Vaux's Swift,Chaetura vauxi
261,Chapman's Swift,Chaetura chapmani
262,Short-tailed Swift,Chaetura brachyura
263,Sick's Swift,Chaetura meridionalis
264,Band-rumped Swift,Chaetura spinicaudus
265,Costa Rican Swift,Chaetura fumosa
266,Gray-rumped Swift,Chaetura cinereiventris
267,Lesser Antillean Swift,Chaetura martinica
268,White-throated Needletail,Hirundapus caudacutus
269,Mariana Swiftlet,Aerodramus bartschi
270,Common Swift,Apus apus
271,Fork-tailed Swift,Apus pacificus
272,Alpine Swift,Apus melba
273,White-throated Swift,Aeronautes saxatalis
274,Lesser Swallow-tailed Swift,Panyptila cayennensis
275,Great Swallow-tailed Swift,Panyptila sanctihieronymi
276,Antillean Palm-Swift,Tachornis phoenicobia
277,White-necked Jacobin,Florisuga mellivora
278,White-tipped Sicklebill,Eutoxeres aquila
279,Bronzy Hermit,Glaucis aeneus
280,Rufous-breasted Hermit,Glaucis hirsutus
281,Band-tailed Barbthroat,Threnetes ruckeri
282,Green Hermit,Phaethornis guy
283,Mexican Hermit,Phaethornis mexicanus
284,Long-billed Hermit,Phaethornis longirostris
285,Pale-bellied Hermit,Phaethornis anthophilus
286,Stripe-throated Hermit,Phaethornis striigularis
287,Green-fronted Lancebill,Doryfera ludovicae
288,Brown Violetear,Colibri delphinae
289,Mexican Violetear,Colibri thalassinus
290,Lesser Violetear,Colibri cyanotus
291,Tooth-billed Hummingbird,Androdon aequatorialis
292,Purple-crowned Fairy,Heliothryx barroti
293,Ruby-topaz Hummingbird,Chrysolampis mosquitus
294,Green-breasted Mango,Anthracothorax prevostii
295,Black-throated Mango,Anthracothorax nigricollis
296,Veraguan Mango,Anthracothorax veraguensis
297,Antillean Mango,Anthracothorax dominicus
298,Green Mango,Anthracothorax viridis
299,Jamaican Mango,Anthracothorax mango
300,Purple-throated Carib,Eulampis jugularis
301,Green-throated Carib,Eulampis holosericeus
302,Green Thorntail,Discosura conversii
303,Short-crested Coquette,Lophornis brachylophus
304,Rufous-crested Coquette,Lophornis delattrei
305,Black-crested Coquette,Lophornis helenae
306,White-crested Coquette,Lophornis adorabilis
307,Greenish Puffleg,Haplophaedia aureliae
308,Green-crowned Brilliant,Heliodoxa jacula
309,Rivoli's Hummingbird,Eugenes fulgens
310,Talamanca Hummingbird,Eugenes spectabilis
311,Fiery-throated Hummingbird,Panterpe insignis
312,Long-billed Starthroat,Heliomaster longirostris
313,Plain-capped Starthroat,Heliomaster constantii
314,Green-throated Mountain-gem,Lampornis viridipallens
315,Green-breasted Mountain-gem,Lampornis sybillae
316,Amethyst-throated Hummingbird,Lampornis amethystinus
317,Blue-throated Hummingbird,Lampornis clemenciae
318,White-bellied Mountain-gem,Lampornis hemileucus
319,Purple-throated Mountain-gem,Lampornis calolaemus
320,White-throated Mountain-gem,Lampornis castaneoventris
321,Garnet-throated Hummingbird,Lamprolaima rhami
322,Bahama Woodstar,Calliphlox evelynae
323,Inagua Woodstar,Calliphlox lyrura
324,Magenta-throated Woodstar,Calliphlox bryantae
325,Purple-throated Woodstar,Calliphlox mitchellii
326,Slender Sheartail,Doricha enicura
327,Mexican Sheartail,Doricha eliza
328,Sparkling-tailed Hummingbird,Tilmatura dupontii
329,Lucifer Hummingbird,Calothorax lucifer
330,Beautiful Hummingbird,Calothorax pulcher
331,Ruby-throated Hummingbird,Archilochus colubris
332,Black-chinned Hummingbird,Archilochus alexandri
333,Vervain Hummingbird,Mellisuga minima
334,Bee Hummingbird,Mellisuga helenae
335,Anna's Hummingbird,Calypte anna
336,Costa's Hummingbird,Calypte costae
337,Bumblebee Hummingbird,Atthis heloisa
338,Wine-throated Hummingbird,Atthis ellioti
339,Broad-tailed Hummingbird,Selasphorus platycercus
340,Rufous Hummingbird,Selasphorus rufus
341,Allen's Hummingbird,Selasphorus sasin
342,Volcano Hummingbird,Selasphorus flammula
343,Glow-throated Hummingbird,Selasphorus ardens
344,Scintillant Hummingbird,Selasphorus scintilla
345,Calliope Hummingbird,Selasphorus calliope
346,Golden-crowned Emerald,Chlorostilbon auriceps
347,Cozumel Emerald,Chlorostilbon forficatus
348,Canivet's Emerald,Chlorostilbon canivetii
349,Garden Emerald,Chlorostilbon assimilis
350,Cuban Emerald,Chlorostilbon ricordii
351,Brace's Emerald,Chlorostilbon bracei
352,Hispaniolan Emerald,Chlorostilbon swainsonii
353,Puerto Rican Emerald,Chlorostilbon maugaeus
354,Dusky Hummingbird,Cynanthus sordidus
355,Broad-billed Hummingbird,Cynanthus latirostris
356,Blue-headed Hummingbird,Cyanophaia bicolor
357,Violet-headed Hummingbird,Klais guimeti
358,Emerald-chinned Hummingbird,Abeillia abeillei
359,Antillean Crested Hummingbird,Orthorhyncus cristatus
360,Scaly-breasted Hummingbird,Phaeochroa cuvierii
361,Wedge-tailed Sabrewing,Campylopterus curvipennis
362,Long-tailed Sabrewing,Campylopterus excellens
363,Rufous Sabrewing,Campylopterus rufus
364,Violet Sabrewing,Campylopterus hemileucurus
365,Stripe-tailed Hummingbird,Eupherusa eximia
366,Blue-capped Hummingbird,Eupherusa cyanophrys
367,White-tailed Hummingbird,Eupherusa poliocerca
368,Black-bellied Hummingbird,Eupherusa nigriventris
369,White-tailed Emerald,Elvira chionura
370,Coppery-headed Emerald,Elvira cupreiceps
371,Snowcap,Microchera albocoronata
372,White-vented Plumeleteer,Chalybura buffonii
373,Bronze-tailed Plumeleteer,Chalybura urochrysia
374,Mexican Woodnymph,Thalurania ridgwayi
375,Crowned Woodnymph,Thalurania colombica
376,White-bellied Emerald,Amazilia candida
377,Honduran Emerald,Amazilia luciae
378,Blue-chested Hummingbird,Amazilia amabilis
379,Charming Hummingbird,Amazilia decora
380,Mangrove Hummingbird,Amazilia boucardi
381,Azure-crowned Hummingbird,Amazilia cyanocephala
382,Berylline Hummingbird,Amazilia beryllina
383,Blue-tailed Hummingbird,Amazilia cyanura
384,Steely-vented Hummingbird,Amazilia saucerottei
385,Snowy-bellied Hummingbird,Amazilia edward
386,Rufous-tailed Hummingbird,Amazilia tzacatl
387,Buff-bellied Hummingbird,Amazilia yucatanensis
388,Cinnamon Hummingbird,Amazilia rutila
389,Violet-crowned Hummingbird,Amazilia violiceps
390,Green-fronted Hummingbird,Amazilia viridifrons
391,Streamertail,Trochilus polytmus
392,Pirre Hummingbird,Goethalsia bella
393,Violet-capped Hummingbird,Goldmania violiceps
394,Sapphire-throated Hummingbird,Lepidopyga coeruleogularis
395,Violet-bellied Hummingbird,Juliamyia julie
396,Humboldt's Sapphire,Hylocharis humboldtii
397,Blue-throated Goldentail,Hylocharis eliciae
398,White-eared Hummingbird,Hylocharis leucotis
399,Xantus's Hummingbird,Hylocharis xantusii
400,Yellow Rail,Coturnicops noveboracensis
401,Ocellated Crake,Micropygia schomburgkii
402,Ruddy Crake,Laterallus ruber
403,White-throated Crake,Laterallus albigularis
404,Gray-breasted Crake,Laterallus exilis
405,Black Rail,Laterallus jamaicensis
406,Corn Crake,Crex crex
407,Ridgway's Rail,Rallus obsoletus
408,Clapper Rail,Rallus crepitans
409,Aztec Rail,Rallus tenuirostris
410,Mangrove Rail,Rallus longirostris
411,King Rail,Rallus elegans
412,Virginia Rail,Rallus limicola
413,Western Water-Rail,Rallus aquaticus
414,Rufous-necked Wood-Rail,Aramides axillaris
415,Russet-naped Wood-Rail,Aramides albiventris
416,Gray-cowled Wood-Rail,Aramides cajaneus
417,Uniform Crake,Amaurolimnas concolor
418,Sora,Porzana carolina
419,Spotted Crake,Porzana porzana
420,Laysan Rail,Zapornia palmeri
421,Hawaiian Rail,Zapornia sandwichensis
422,Yellow-breasted Crake,Hapalocrex flaviventer
423,Colombian Crake,Neocrex colombiana
424,Paint-billed Crake,Neocrex erythrops
425,Zapata Rail,Cyanolimnas cerverai
426,Spotted Rail,Pardirallus maculatus
427,Purple Gallinule,Porphyrio martinica
428,Azure Gallinule,Porphyrio flavirostris
429,Purple Swamphen,Porphyrio porphyrio
430,Common Gallinule,Gallinula galeata
431,Common Moorhen,Gallinula chloropus
432,Eurasian Coot,Fulica atra
433,Hawaiian Coot,Fulica alai
434,American Coot,Fulica americana
435,Sungrebe,Heliornis fulica
436,Limpkin,Aramus guarauna
437,Sandhill Crane,Antigone canadensis
438,Common Crane,Grus grus
439,Whooping Crane,Grus americana
440,Double-striped Thick-knee,Burhinus bistriatus
441,Black-winged Stilt,Himantopus himantopus
442,Black-necked Stilt,Himantopus mexicanus
443,American Avocet,Recurvirostra americana
444,Eurasian Oystercatcher,Haematopus ostralegus
445,American Oystercatcher,Haematopus palliatus
446,Black Oystercatcher,Haematopus bachmani
447,Northern Lapwing,Vanellus vanellus
448,Southern Lapwing,Vanellus chilensis
449,Black-bellied Plover,Pluvialis squatarola
450,European Golden-Plover,Pluvialis apricaria
451,American Golden-Plover,Pluvialis dominica
452,Pacific Golden-Plover,Pluvialis fulva
453,Lesser Sand-Plover,Charadrius mongolus
454,Greater Sand-Plover,Charadrius leschenaultii
455,Collared Plover,Charadrius collaris
456,Snowy Plover,Charadrius nivosus
457,Wilson's Plover,Charadrius wilsonia
458,Common Ringed Plover,Charadrius hiaticula
459,Semipalmated Plover,Charadrius semipalmatus
460,Piping Plover,Charadrius melodus
461,Little Ringed Plover,Charadrius dubius
462,Killdeer,Charadrius vociferus
463,Oriental Plover,Charadrius veredus
464,Mountain Plover,Charadrius montanus
465,Eurasian Dotterel,Charadrius morinellus
466,Northern Jacana,Jacana spinosa
467,Wattled Jacana,Jacana jacana
468,Upland Sandpiper,Bartramia longicauda
469,Bristle-thighed Curlew,Numenius tahitiensis
470,Whimbrel,Numenius phaeopus
471,Little Curlew,Numenius minutus
472,Eskimo Curlew,Numenius borealis
473,Long-billed Curlew,Numenius americanus
474,Far Eastern Curlew,Numenius madagascariensis
475,Slender-billed Curlew,Numenius tenuirostris
476,Eurasian Curlew,Numenius arquata
477,Bar-tailed Godwit,Limosa lapponica
478,Black-tailed Godwit,Limosa limosa
479,Hudsonian Godwit,Limosa haemastica
480,Marbled Godwit,Limosa fedoa
481,Ruddy Turnstone,Arenaria interpres
482,Black Turnstone,Arenaria melanocephala
483,Great Knot,Calidris tenuirostris
484,Red Knot,Calidris canutus
485,Surfbird,Calidris virgata
486,Ruff,Calidris pugnax
487,Broad-billed Sandpiper,Calidris falcinellus
488,Sharp-tailed Sandpiper,Calidris acuminata
489,Stilt Sandpiper,Calidris himantopus
490,Curlew Sandpiper,Calidris ferruginea
491,Temminck's Stint,Calidris temminckii
492,Long-toed Stint,Calidris subminuta
493,Spoon-billed Sandpiper,Calidris pygmea
494,Red-necked Stint,Calidris ruficollis
495,Sanderling,Calidris alba
496,Dunlin,Calidris alpina
497,Rock Sandpiper,Calidris ptilocnemis
498,Purple Sandpiper,Calidris maritima
499,Baird's Sandpiper,Calidris bairdii
500,Little Stint,Calidris minuta
501,Least Sandpiper,Calidris minutilla
502,White-rumped Sandpiper,Calidris fuscicollis
503,Buff-breasted Sandpiper,Calidris subruficollis
504,Pectoral Sandpiper,Calidris melanotos
505,Semipalmated Sandpiper,Calidris pusilla
506,Western Sandpiper,Calidris mauri
507,Short-billed Dowitcher,Limnodromus griseus
508,Long-billed Dowitcher,Limnodromus scolopaceus
509,Jack Snipe,Lymnocryptes minimus
510,Eurasian Woodcock,Scolopax rusticola
511,American Woodcock,Scolopax minor
512,Solitary Snipe,Gallinago solitaria
513,Pin-tailed Snipe,Gallinago stenura
514,Common Snipe,Gallinago gallinago
515,Wilson's Snipe,Gallinago delicata
516,Terek Sandpiper,Xenus cinereus
517,Common Sandpiper,Actitis hypoleucos
518,Spotted Sandpiper,Actitis macularius
519,Green Sandpiper,Tringa ochropus
520,Solitary Sandpiper,Tringa solitaria
521,Gray-tailed Tattler,Tringa brevipes
522,Wandering Tattler,Tringa incana
523,Lesser Yellowlegs,Tringa flavipes
524,Willet,Tringa semipalmata
525,Spotted Redshank,Tringa erythropus
526,Common Greenshank,Tringa nebularia
527,Greater Yellowlegs,Tringa melanoleuca
528,Common Redshank,Tringa totanus
529,Wood Sandpiper,Tringa glareola
530,Marsh Sandpiper,Tringa stagnatilis
531,Wilson's Phalarope,Phalaropus tricolor
532,Red-necked Phalarope,Phalaropus lobatus
533,Red Phalarope,Phalaropus fulicarius
534,Collared Pratincole,Glareola pratincola
535,Oriental Pratincole,Glareola maldivarum
536,Great Skua,Stercorarius skua
537,South Polar Skua,Stercorarius maccormicki
538,Pomarine Jaeger,Stercorarius pomarinus
539,Parasitic Jaeger,Stercorarius parasiticus
540,Long-tailed Jaeger,Stercorarius longicaudus
541,Dovekie,Alle alle
542,Common Murre,Uria aalge
543,Thick-billed Murre,Uria lomvia
544,Razorbill,Alca torda
545,Great Auk,Pinguinus impennis
546,Black Guillemot,Cepphus grylle
547,Pigeon Guillemot,Cepphus columba
548,Long-billed Murrelet,Brachyramphus perdix
549,Marbled Murrelet,Brachyramphus marmoratus
550,Kittlitz's Murrelet,Brachyramphus brevirostris
551,Scripps's Murrelet,Synthliboramphus scrippsi
552,Guadalupe Murrelet,Synthliboramphus hypoleucus
553,Craveri's Murrelet,Synthliboramphus craveri
554,Ancient Murrelet,Synthliboramphus antiquus
555,Cassin's Auklet,Ptychoramphus aleuticus
556,Parakeet Auklet,Aethia psittacula
557,Least Auklet,Aethia pusilla
558,Whiskered Auklet,Aethia pygmaea
559,Crested Auklet,Aethia cristatella
560,Rhinoceros Auklet,Cerorhinca monocerata
561,Atlantic Puffin,Fratercula arctica
562,Horned Puffin,Fratercula corniculata
563,Tufted Puffin,Fratercula cirrhata
564,Swallow-tailed Gull,Creagrus furcatus
565,Black-legged Kittiwake,Rissa tridactyla
566,Red-legged Kittiwake,Rissa brevirostris
567,Ivory Gull,Pagophila eburnea
568,Sabine's Gull,Xema sabini
569,Bonaparte's Gull,Chroicocephalus philadelphia
570,Gray-hooded Gull,Chroicocephalus cirrocephalus
571,Black-headed Gull,Chroicocephalus ridibundus
572,Little Gull,Hydrocoloeus minutus
573,Ross's Gull,Rhodostethia rosea
574,Gray Gull,Leucophaeus modestus
575,Laughing Gull,Leucophaeus atricilla
576,Franklin's Gull,Leucophaeus pipixcan
577,Belcher's Gull,Larus belcheri
578,Black-tailed Gull,Larus crassirostris
579,Heermann's Gull,Larus heermanni
580,Mew Gull,Larus canus
581,Ring-billed Gull,Larus delawarensis
582,Western Gull,Larus occidentalis
583,Yellow-footed Gull,Larus livens
584,California Gull,Larus californicus
585,Herring Gull,Larus argentatus
586,Yellow-legged Gull,Larus michahellis
587,Iceland Gull,Larus glaucoides
588,Lesser Black-backed Gull,Larus fuscus
589,Slaty-backed Gull,Larus schistisagus
590,Glaucous-winged Gull,Larus glaucescens
591,Glaucous Gull,Larus hyperboreus
592,Great Black-backed Gull,Larus marinus
593,Kelp Gull,Larus dominicanus
594,Brown Noddy,Anous stolidus
595,Black Noddy,Anous minutus
596,Blue-gray Noddy,Anous ceruleus
597,White Tern,Gygis alba
598,Sooty Tern,Onychoprion fuscatus
599,Gray-backed Tern,Onychoprion lunatus
600,Bridled Tern,Onychoprion anaethetus
601,Aleutian Tern,Onychoprion aleuticus
602,Little Tern,Sternula albifrons
603,Least Tern,Sternula antillarum
604,Yellow-billed Tern,Sternula superciliaris
605,Large-billed Tern,Phaetusa simplex
606,Gull-billed Tern,Gelochelidon nilotica
607,Caspian Tern,Hydroprogne caspia
608,Inca Tern,Larosterna inca
609,Black Tern,Chlidonias niger
610,White-winged Tern,Chlidonias leucopterus
611,Whiskered Tern,Chlidonias hybrida
612,Roseate Tern,Sterna dougallii
613,Common Tern,Sterna hirundo
614,Arctic Tern,Sterna paradisaea
615,Forster's Tern,Sterna forsteri
616,Royal Tern,Thalasseus maximus
617,Great Crested Tern,Thalasseus bergii
618,Sandwich Tern,Thalasseus sandvicensis
619,Elegant Tern,Thalasseus elegans
620,Black Skimmer,Rynchops niger
621,Sunbittern,Eurypyga helias
622,White-tailed Tropicbird,Phaethon lepturus
623,Red-billed Tropicbird,Phaethon aethereus
624,Red-tailed Tropicbird,Phaethon rubricauda
625,Red-throated Loon,Gavia stellata
626,Arctic Loon,Gavia arctica
627,Pacific Loon,Gavia pacifica
628,Common Loon,Gavia immer
629,Yellow-billed Loon,Gavia adamsii
630,Yellow-nosed Albatross,Thalassarche chlororhynchos
631,White-capped Albatross,Thalassarche cauta
632,Chatham Albatross,Thalassarche eremita
633,Salvin's Albatross,Thalassarche salvini
634,Black-browed Albatross,Thalassarche melanophris
635,Light-mantled Albatross,Phoebetria palpebrata
636,Wandering Albatross,Diomedea exulans
637,Laysan Albatross,Phoebastria immutabilis
638,Black-footed Albatross,Phoebastria nigripes
639,Waved Albatross,Phoebastria irrorata
640,Short-tailed Albatross,Phoebastria albatrus
641,Northern Fulmar,Fulmarus glacialis
642,Great-winged Petrel,Pterodroma macroptera
643,Providence Petrel,Pterodroma solandri
644,Kermadec Petrel,Pterodroma neglecta
645,Trindade Petrel,Pterodroma arminjoniana
646,Herald Petrel,Pterodroma heraldica
647,Murphy's Petrel,Pterodroma ultima
648,Mottled Petrel,Pterodroma inexpectata
649,Bermuda Petrel,Pterodroma cahow
650,Black-capped Petrel,Pterodroma hasitata
651,Juan Fernandez Petrel,Pterodroma externa
652,Galapagos Petrel,Pterodroma phaeopygia
653,Hawaiian Petrel,Pterodroma sandwichensis
654,White-necked Petrel,Pterodroma cervicalis
655,Bonin Petrel,Pterodroma hypoleuca
656,Black-winged Petrel,Pterodroma nigripennis
657,Fea's Petrel,Pterodroma feae
658,Zino's Petrel,Pterodroma madeira
659,Cook's Petrel,Pterodroma cookii
660,Stejneger's Petrel,Pterodroma longirostris
661,Tahiti Petrel,Pterodroma rostrata
662,Bulwer's Petrel,Bulweria bulwerii
663,Jouanin's Petrel,Bulweria fallax
664,White-chinned Petrel,Procellaria aequinoctialis
665,Parkinson's Petrel,Procellaria parkinsoni
666,Streaked Shearwater,Calonectris leucomelas
667,Cory's Shearwater,Calonectris diomedea
668,Cape Verde Shearwater,Calonectris edwardsii
669,Wedge-tailed Shearwater,Ardenna pacifica
670,Buller's Shearwater,Ardenna bulleri
671,Short-tailed Shearwater,Ardenna tenuirostris
672,Sooty Shearwater,Ardenna grisea
673,Great Shearwater,Ardenna gravis
674,Pink-footed Shearwater,Ardenna creatopus
675,Flesh-footed Shearwater,Ardenna carneipes
676,Christmas Shearwater,Puffinus nativitatis
677,Galapagos Shearwater,Puffinus subalaris
678,Manx Shearwater,Puffinus puffinus
679,Townsend's Shearwater,Puffinus auricularis
680,Newell's Shearwater,Puffinus newelli
681,Bryan's Shearwater,Puffinus bryani
682,Black-vented Shearwater,Puffinus opisthomelas
683,Audubon's Shearwater,Puffinus lherminieri
684,Barolo Shearwater,Puffinus baroli
685,Wilson's Storm-Petrel,Oceanites oceanicus
686,White-faced Storm-Petrel,Pelagodroma marina
687,European Storm-Petrel,Hydrobates pelagicus
688,Black-bellied Storm-Petrel,Fregetta tropica
689,Fork-tailed Storm-Petrel,Oceanodroma furcata
690,Ringed Storm-Petrel,Oceanodroma hornbyi
691,Swinhoe's Storm-Petrel,Oceanodroma monorhis
692,Leach's Storm-Petrel,Oceanodroma leucorhoa
693,Townsend's Storm-Petrel,Oceanodroma socorroensis
694,Ainley's Storm-Petrel,Oceanodroma cheimomnestes
695,Ashy Storm-Petrel,Oceanodroma homochroa
696,Band-rumped Storm-Petrel,Oceanodroma castro
697,Wedge-rumped Storm-Petrel,Oceanodroma tethys
698,Black Storm-Petrel,Oceanodroma melania
699,Guadalupe Storm-Petrel,Oceanodroma macrodactyla
700,Markham's Storm-Petrel,Oceanodroma markhami
701,Tristram's Storm-Petrel,Oceanodroma tristrami
702,Least Storm-Petrel,Oceanodroma microsoma
703,Maguari Stork,Ciconia maguari
704,Jabiru,Jabiru mycteria
705,Wood Stork,Mycteria americana
706,Magnificent Frigatebird,Fregata magnificens
707,Great Frigatebird,Fregata minor
708,Lesser Frigatebird,Fregata ariel
709,Masked Booby,Sula dactylatra
710,Nazca Booby,Sula granti
711,Blue-footed Booby,Sula nebouxii
712,Peruvian Booby,Sula variegata
713,Brown Booby,Sula leucogaster
714,Red-footed Booby,Sula sula
715,Northern Gannet,Morus bassanus
716,Brandt's Cormorant,Phalacrocorax penicillatus
717,Neotropic Cormorant,Phalacrocorax brasilianus
718,Double-crested Cormorant,Phalacrocorax auritus
719,Great Cormorant,Phalacrocorax carbo
720,Red-faced Cormorant,Phalacrocorax urile
721,Pelagic Cormorant,Phalacrocorax pelagicus
722,Anhinga,Anhinga anhinga
723,American White Pelican,Pelecanus erythrorhynchos
724,Brown Pelican,Pelecanus occidentalis
725,Pinnated Bittern,Botaurus pinnatus
726,American Bittern,Botaurus lentiginosus
727,Yellow Bittern,Ixobrychus sinensis
728,Least Bittern,Ixobrychus exilis
729,Little Bittern,Ixobrychus minutus
730,Rufescent Tiger-Heron,Tigrisoma lineatum
731,Fasciated Tiger-Heron,Tigrisoma fasciatum
732,Bare-throated Tiger-Heron,Tigrisoma mexicanum
733,Great Blue Heron,Ardea herodias
734,Gray Heron,Ardea cinerea
735,Cocoi Heron,Ardea cocoi
736,Purple Heron,Ardea purpurea
737,Great Egret,Ardea alba
738,Intermediate Egret,Ardea intermedia
739,Whistling Heron,Syrigma sibilatrix
740,Chinese Egret,Egretta eulophotes
741,Little Egret,Egretta garzetta
742,Western Reef-Heron,Egretta gularis
743,Snowy Egret,Egretta thula
744,Little Blue Heron,Egretta caerulea
745,Tricolored Heron,Egretta tricolor
746,Reddish Egret,Egretta rufescens
747,Cattle Egret,Bubulcus ibis
748,Chinese Pond-Heron,Ardeola bacchus
749,Green Heron,Butorides virescens
750,Striated Heron,Butorides striata
751,Agami Heron,Agamia agami
752,Capped Heron,Pilherodius pileatus
753,Black-crowned Night-Heron,Nycticorax nycticorax
754,Yellow-crowned Night-Heron,Nyctanassa violacea
755,Boat-billed Heron,Cochlearius cochlearius
756,White Ibis,Eudocimus albus
757,Scarlet Ibis,Eudocimus ruber
758,Glossy Ibis,Plegadis falcinellus
759,White-faced Ibis,Plegadis chihi
760,Green Ibis,Mesembrinibis cayennensis
761,Buff-necked Ibis,Theristicus caudatus
762,Eurasian Spoonbill,Platalea leucorodia
763,Roseate Spoonbill,Platalea ajaja
764,Black Vulture,Coragyps atratus
765,Turkey Vulture,Cathartes aura
766,Lesser Yellow-headed Vulture,Cathartes burrovianus
767,California Condor,Gymnogyps californianus
768,King Vulture,Sarcoramphus papa
769,Osprey,Pandion haliaetus
770,Gray-headed Kite,Leptodon cayanensis
771,Hook-billed Kite,Chondrohierax uncinatus
772,Swallow-tailed Kite,Elanoides forficatus
773,Pearl Kite,Gampsonyx swainsonii
774,White-tailed Kite,Elanus leucurus
775,Snail Kite,Rostrhamus sociabilis
776,Slender-billed Kite,Helicolestes hamatus
777,Double-toothed Kite,Harpagus bidentatus
778,Mississippi Kite,Ictinia mississippiensis
779,Plumbeous Kite,Ictinia plumbea
780,Black Kite,Milvus migrans
781,Bald Eagle,Haliaeetus leucocephalus
782,White-tailed Eagle,Haliaeetus albicilla
783,Steller's Sea-Eagle,Haliaeetus pelagicus
784,Black-collared Hawk,Busarellus nigricollis
785,Northern Harrier,Circus hudsonius
786,Long-winged Harrier,Circus buffoni
787,Western Marsh Harrier,Circus aeruginosus
788,Gray-bellied Hawk,Accipiter poliogaster
789,Chinese Sparrowhawk,Accipiter soloensis
790,Tiny Hawk,Accipiter superciliosus
791,Sharp-shinned Hawk,Accipiter striatus
792,Cooper's Hawk,Accipiter cooperii
793,Gundlach's Hawk,Accipiter gundlachi
794,Bicolored Hawk,Accipiter bicolor
795,Northern Goshawk,Accipiter gentilis
796,Crane Hawk,Geranospiza caerulescens
797,Plumbeous Hawk,Cryptoleucopteryx plumbea
798,Common Black Hawk,Buteogallus anthracinus
799,Cuban Black Hawk,Buteogallus gundlachii
800,Savanna Hawk,Buteogallus meridionalis
801,Great Black Hawk,Buteogallus urubitinga
802,Solitary Eagle,Buteogallus solitarius
803,Barred Hawk,Morphnarchus princeps
804,Roadside Hawk,Rupornis magnirostris
805,Harris's Hawk,Parabuteo unicinctus
806,White-tailed Hawk,Geranoaetus albicaudatus
807,White Hawk,Pseudastur albicollis
808,Semiplumbeous Hawk,Leucopternis semiplumbeus
809,Gray Hawk,Buteo plagiatus
810,Gray-lined Hawk,Buteo nitidus
811,Red-shouldered Hawk,Buteo lineatus
812,Ridgway's Hawk,Buteo ridgwayi
813,Broad-winged Hawk,Buteo platypterus
814,Hawaiian Hawk,Buteo solitarius
815,Short-tailed Hawk,Buteo brachyurus
816,Swainson's Hawk,Buteo swainsoni
817,Zone-tailed Hawk,Buteo albonotatus
818,Red-tailed Hawk,Buteo jamaicensis
819,Rough-legged Hawk,Buteo lagopus
820,Ferruginous Hawk,Buteo regalis
821,Crested Eagle,Morphnus guianensis
822,Harpy Eagle,Harpia harpyja
823,Golden Eagle,Aquila chrysaetos
824,Black Hawk-Eagle,Spizaetus tyrannus
825,Ornate Hawk-Eagle,Spizaetus ornatus
826,Black-and-white Hawk-Eagle,Spizaetus melanoleucus
827,Barn Owl,Tyto alba
828,Ashy-faced Owl,Tyto glaucops
829,Oriental Scops-Owl,Otus sunia
830,Flammulated Owl,Psiloscops flammeolus
831,Western Screech-Owl,Megascops kennicottii
832,Eastern Screech-Owl,Megascops asio
833,Balsas Screech-Owl,Megascops seductus
834,Pacific Screech-Owl,Megascops cooperi
835,Whiskered Screech-Owl,Megascops trichopsis
836,Tropical Screech-Owl,Megascops choliba
837,Bearded Screech-Owl,Megascops barbarus
838,Vermiculated Screech-Owl,Megascops guatemalae
839,Bare-shanked Screech-Owl,Megascops clarkii
840,Puerto Rican Screech-Owl,Megascops nudipes
841,Bare-legged Owl,Margarobyas lawrencii
842,Crested Owl,Lophostrix cristata
843,Spectacled Owl,Pulsatrix perspicillata
844,Great Horned Owl,Bubo virginianus
845,Snowy Owl,Bubo scandiacus
846,Northern Hawk Owl,Surnia ulula
847,Northern Pygmy-Owl,Glaucidium gnoma
848,Costa Rican Pygmy-Owl,Glaucidium costaricanum
849,Central American Pygmy-Owl,Glaucidium griseiceps
850,Tamaulipas Pygmy-Owl,Glaucidium sanchezi
851,Colima Pygmy-Owl,Glaucidium palmarum
852,Ferruginous Pygmy-Owl,Glaucidium brasilianum
853,Cuban Pygmy-Owl,Glaucidium siju
854,Elf Owl,Micrathene whitneyi
855,Burrowing Owl,Athene cunicularia
856,Mottled Owl,Ciccaba virgata
857,Black-and-white Owl,Ciccaba nigrolineata
858,Spotted Owl,Strix occidentalis
859,Barred Owl,Strix varia
860,Fulvous Owl,Strix fulvescens
861,Great Gray Owl,Strix nebulosa
862,Long-eared Owl,Asio otus
863,Stygian Owl,Asio stygius
864,Short-eared Owl,Asio flammeus
865,Striped Owl,Pseudoscops clamator
866,Jamaican Owl,Pseudoscops grammicus
867,Boreal Owl,Aegolius funereus
868,Northern Saw-whet Owl,Aegolius acadicus
869,Unspotted Saw-whet Owl,Aegolius ridgwayi
870,Northern Boobook,Ninox japonica
871,Cuban Trogon,Priotelus temnurus
872,Hispaniolan Trogon,Priotelus roseigaster
873,Lattice-tailed Trogon,Trogon clathratus
874,Slaty-tailed Trogon,Trogon massena
875,Black-tailed Trogon,Trogon melanurus
876,Black-headed Trogon,Trogon melanocephalus
877,Citreoline Trogon,Trogon citreolus
878,White-tailed Trogon,Trogon chionurus
879,Baird's Trogon,Trogon bairdii
880,Gartered Trogon,Trogon caligatus
881,Black-throated Trogon,Trogon rufus
882,Elegant Trogon,Trogon elegans
883,Mountain Trogon,Trogon mexicanus
884,Collared Trogon,Trogon collaris
885,Orange-bellied Trogon,Trogon aurantiiventris
886,Eared Quetzal,Euptilotis neoxenus
887,Golden-headed Quetzal,Pharomachrus auriceps
888,Resplendent Quetzal,Pharomachrus mocinno
889,Eurasian Hoopoe,Upupa epops
890,Cuban Tody,Todus multicolor
891,Broad-billed Tody,Todus subulatus
892,Narrow-billed Tody,Todus angustirostris
893,Jamaican Tody,Todus todus
894,Puerto Rican Tody,Todus mexicanus
895,Tody Motmot,Hylomanes momotula
896,Blue-throated Motmot,Aspatha gularis
897,Russet-crowned Motmot,Momotus mexicanus
898,Blue-capped Motmot,Momotus coeruliceps
899,Lesson's Motmot,Momotus lessonii
900,Whooping Motmot,Momotus subrufescens
901,Rufous Motmot,Baryphthengus martii
902,Keel-billed Motmot,Electron carinatum
903,Broad-billed Motmot,Electron platyrhynchum
904,Turquoise-browed Motmot,Eumomota superciliosa
905,Ringed Kingfisher,Megaceryle torquata
906,Belted Kingfisher,Megaceryle alcyon
907,Amazon Kingfisher,Chloroceryle amazona
908,Green Kingfisher,Chloroceryle americana
909,Green-and-rufous Kingfisher,Chloroceryle inda
910,American Pygmy Kingfisher,Chloroceryle aenea
911,Barred Puffbird,Nystalus radiatus
912,White-necked Puffbird,Notharchus hyperrhynchus
913,Black-breasted Puffbird,Notharchus pectoralis
914,Pied Puffbird,Notharchus tectus
915,White-whiskered Puffbird,Malacoptila panamensis
916,Lanceolated Monklet,Micromonacha lanceolata
917,Gray-cheeked Nunlet,Nonnula frontalis
918,White-fronted Nunbird,Monasa morphoeus
919,Dusky-backed Jacamar,Brachygalba salmoni
920,Rufous-tailed Jacamar,Galbula ruficauda
921,Great Jacamar,Jacamerops aureus
922,Spot-crowned Barbet,Capito maculicoronatus
923,Red-headed Barbet,Eubucco bourcierii
924,Prong-billed Barbet,Semnornis frantzii
925,Northern Emerald-Toucanet,Aulacorhynchus prasinus
926,Collared Aracari,Pteroglossus torquatus
927,Fiery-billed Aracari,Pteroglossus frantzii
928,Yellow-eared Toucanet,Selenidera spectabilis
929,Keel-billed Toucan,Ramphastos sulfuratus
930,Yellow-throated Toucan,Ramphastos ambiguus
931,Eurasian Wryneck,Jynx torquilla
932,Olivaceous Piculet,Picumnus olivaceus
933,Antillean Piculet,Nesoctites micromegas
934,Lewis's Woodpecker,Melanerpes lewis
935,Guadeloupe Woodpecker,Melanerpes herminieri
936,Puerto Rican Woodpecker,Melanerpes portoricensis
937,Red-headed Woodpecker,Melanerpes erythrocephalus
938,Acorn Woodpecker,Melanerpes formicivorus
939,Golden-naped Woodpecker,Melanerpes chrysauchen
940,Black-cheeked Woodpecker,Melanerpes pucherani
941,Hispaniolan Woodpecker,Melanerpes striatus
942,Jamaican Woodpecker,Melanerpes radiolatus
943,Golden-cheeked Woodpecker,Melanerpes chrysogenys
944,Gray-breasted Woodpecker,Melanerpes hypopolius
945,Yucatan Woodpecker,Melanerpes pygmaeus
946,Red-crowned Woodpecker,Melanerpes rubricapillus
947,Gila Woodpecker,Melanerpes uropygialis
948,Hoffmann's Woodpecker,Melanerpes hoffmannii
949,Golden-fronted Woodpecker,Melanerpes aurifrons
950,Red-bellied Woodpecker,Melanerpes carolinus
951,West Indian Woodpecker,Melanerpes superciliaris
952,Williamson's Sapsucker,Sphyrapicus thyroideus
953,Yellow-bellied Sapsucker,Sphyrapicus varius
954,Red-naped Sapsucker,Sphyrapicus nuchalis
955,Red-breasted Sapsucker,Sphyrapicus ruber
956,Cuban Green Woodpecker,Xiphidiopicus percussus
957,Great Spotted Woodpecker,Dendrocopos major
958,Ladder-backed Woodpecker,Picoides scalaris
959,Nuttall's Woodpecker,Picoides nuttallii
960,Downy Woodpecker,Picoides pubescens
961,Smoky-brown Woodpecker,Picoides fumigatus
962,Hairy Woodpecker,Picoides villosus
963,Arizona Woodpecker,Picoides arizonae
964,Strickland's Woodpecker,Picoides stricklandi
965,Red-cockaded Woodpecker,Picoides borealis
966,White-headed Woodpecker,Picoides albolarvatus
967,American Three-toed Woodpecker,Picoides dorsalis
968,Black-backed Woodpecker,Picoides arcticus
969,Red-rumped Woodpecker,Veniliornis kirkii
970,Rufous-winged Woodpecker,Piculus simplex
971,Stripe-cheeked Woodpecker,Piculus callopterus
972,Golden-green Woodpecker,Piculus chrysochloros
973,Golden-olive Woodpecker,Colaptes rubiginosus
974,Gray-crowned Woodpecker,Colaptes auricularis
975,Spot-breasted Woodpecker,Colaptes punctigula
976,Northern Flicker,Colaptes auratus
977,Gilded Flicker,Colaptes chrysoides
978,Fernandina's Flicker,Colaptes fernandinae
979,Cinnamon Woodpecker,Celeus loricatus
980,Chestnut-colored Woodpecker,Celeus castaneus
981,Lineated Woodpecker,Dryocopus lineatus
982,Pileated Woodpecker,Dryocopus pileatus
983,Crimson-bellied Woodpecker,Campephilus haematogaster
984,Crimson-crested Woodpecker,Campephilus melanoleucos
985,Pale-billed Woodpecker,Campephilus guatemalensis
986,Ivory-billed Woodpecker,Campephilus principalis
987,Imperial Woodpecker,Campephilus imperialis
988,Laughing Falcon,Herpetotheres cachinnans
989,Barred Forest-Falcon,Micrastur ruficollis
990,Slaty-backed Forest-Falcon,Micrastur mirandollei
991,Collared Forest-Falcon,Micrastur semitorquatus
992,Red-throated Caracara,Ibycter americanus
993,Crested Caracara,Caracara cheriway
994,Guadalupe Caracara,Caracara lutosa
995,Yellow-headed Caracara,Milvago chimachima
996,Eurasian Kestrel,Falco tinnunculus
997,American Kestrel,Falco sparverius
998,Red-footed Falcon,Falco vespertinus
999,Merlin,Falco columbarius
1000,Eurasian Hobby,Falco subbuteo
1001,Aplomado Falcon,Falco femoralis
1002,Bat Falcon,Falco rufigularis
1003,Orange-breasted Falcon,Falco deiroleucus
1004,Gyrfalcon,Falco rusticolus
1005,Peregrine Falcon,Falco peregrinus
1006,Prairie Falcon,Falco mexicanus
1007,Painted Parakeet,Pyrrhura picta
1008,Sulphur-winged Parakeet,Pyrrhura hoffmanni
1009,Monk Parakeet,Myiopsitta monachus
1010,Carolina Parakeet,Conuropsis carolinensis
1011,Olive-throated Parakeet,Eupsittula nana
1012,Orange-fronted Parakeet,Eupsittula canicularis
1013,Brown-throated Parakeet,Eupsittula pertinax
1014,Nanday Parakeet,Aratinga nenday
1015,Chestnut-fronted Macaw,Ara severus
1016,Military Macaw,Ara militaris
1017,Great Green Macaw,Ara ambiguus
1018,Red-and-green Macaw,Ara chloropterus
1019,Scarlet Macaw,Ara macao
1020,Cuban Macaw,Ara tricolor
1021,Blue-and-yellow Macaw,Ara ararauna
1022,Green Parakeet,Psittacara holochlorus
1023,Pacific Parakeet,Psittacara strenuus
1024,Crimson-fronted Parakeet,Psittacara finschi
1025,Cuban Parakeet,Psittacara euops
1026,Puerto Rican Parakeet,Psittacara maugei
1027,Hispaniolan Parakeet,Psittacara chloropterus
1028,Mitred Parakeet,Psittacara mitratus
1029,Thick-billed Parrot,Rhynchopsitta pachyrhyncha
1030,Maroon-fronted Parrot,Rhynchopsitta terrisi
1031,Barred Parakeet,Bolborhynchus lineola
1032,Green-rumped Parrotlet,Forpus passerinus
1033,Mexican Parrotlet,Forpus cyanopygius
1034,Spectacled Parrotlet,Forpus conspicillatus
1035,Orange-chinned Parakeet,Brotogeris jugularis
1036,White-winged Parakeet,Brotogeris versicolurus
1037,Red-fronted Parrotlet,Touit costaricensis
1038,Blue-fronted Parrotlet,Touit dilectissimus
1039,Brown-hooded Parrot,Pyrilia haematotis
1040,Saffron-headed Parrot,Pyrilia pyrilia
1041,Blue-headed Parrot,Pionus menstruus
1042,White-crowned Parrot,Pionus senilis
1043,White-fronted Parrot,Amazona albifrons
1044,Yellow-lored Parrot,Amazona xantholora
1045,Cuban Parrot,Amazona leucocephala
1046,Yellow-billed Parrot,Amazona collaria
1047,Hispaniolan Parrot,Amazona ventralis
1048,Puerto Rican Parrot,Amazona vittata
1049,Black-billed Parrot,Amazona agilis
1050,Red-crowned Parrot,Amazona viridigenalis
1051,Lilac-crowned Parrot,Amazona finschi
1052,Red-lored Parrot,Amazona autumnalis
1053,Mealy Parrot,Amazona farinosa
1054,Yellow-headed Parrot,Amazona oratrix
1055,Yellow-naped Parrot,Amazona auropalliata
1056,Yellow-crowned Parrot,Amazona ochrocephala
1057,Red-necked Parrot,Amazona arausiaca
1058,St. Lucia Parrot,Amazona versicolor
1059,St. Vincent Parrot,Amazona guildingii
1060,Imperial Parrot,Amazona imperialis
1061,Rose-ringed Parakeet,Psittacula krameri
1062,Rosy-faced Lovebird,Agapornis roseicollis
1063,Budgerigar,Melopsittacus undulatus
1064,Sapayoa,Sapayoa aenigma
1065,Fasciated Antshrike,Cymbilaimus lineatus
1066,Great Antshrike,Taraba major
1067,Barred Antshrike,Thamnophilus doliatus
1068,Black Antshrike,Thamnophilus nigriceps
1069,Black-hooded Antshrike,Thamnophilus bridgesi
1070,Black-crowned Antshrike,Thamnophilus atrinucha
1071,Spiny-faced Antshrike,Xenornis setifrons
1072,Russet Antshrike,Thamnistes anabatinus
1073,Plain Antvireo,Dysithamnus mentalis
1074,Streak-crowned Antvireo,Dysithamnus striaticeps
1075,Spot-crowned Antvireo,Dysithamnus puncticeps
1076,Moustached Antwren,Myrmotherula ignota
1077,Pacific Antwren,Myrmotherula pacifica
1078,White-flanked Antwren,Myrmotherula axillaris
1079,Slaty Antwren,Myrmotherula schisticolor
1080,Checker-throated Antwren,Epinecrophylla fulviventris
1081,Rufous-winged Antwren,Herpsilochmus rufimarginatus
1082,Dot-winged Antwren,Microrhopias quixensis
1083,White-fringed Antwren,Formicivora grisea
1084,Rufous-rumped Antwren,Euchrepomis callinota
1085,Dusky Antbird,Cercomacroides tyrannina
1086,Jet Antbird,Cercomacra nigricans
1087,Bare-crowned Antbird,Gymnocichla nudiceps
1088,White-bellied Antbird,Myrmeciza longipes
1089,Chestnut-backed Antbird,Myrmeciza exsul
1090,Dull-mantled Antbird,Myrmeciza laemosticta
1091,Zeledon's Antbird,Myrmeciza zeledoni
1092,Spotted Antbird,Hylophylax naevioides
1093,Wing-banded Antbird,Myrmornis torquata
1094,Bicolored Antbird,Gymnopithys bicolor
1095,Ocellated Antbird,Phaenostictus mcleannani
1096,Black-crowned Antpitta,Pittasoma michleri
1097,Scaled Antpitta,Grallaria guatimalensis
1098,Streak-chested Antpitta,Hylopezus perspicillatus
1099,Thicket Antpitta,Hylopezus dives
1100,Ochre-breasted Antpitta,Grallaricula flavirostris
1101,Tacarcuna Tapaculo,Scytalopus panamensis
1102,Choco Tapaculo,Scytalopus chocoensis
1103,Silvery-fronted Tapaculo,Scytalopus argentifrons
1104,Black-faced Antthrush,Formicarius analis
1105,Black-headed Antthrush,Formicarius nigricapillus
1106,Rufous-breasted Antthrush,Formicarius rufipectus
1107,Tawny-throated Leaftosser,Sclerurus mexicanus
1108,Gray-throated Leaftosser,Sclerurus albigularis
1109,Scaly-throated Leaftosser,Sclerurus guatemalensis
1110,Olivaceous Woodcreeper,Sittasomus griseicapillus
1111,Long-tailed Woodcreeper,Deconychura longicauda
1112,Ruddy Woodcreeper,Dendrocincla homochroa
1113,Tawny-winged Woodcreeper,Dendrocincla anabatina
1114,Plain-brown Woodcreeper,Dendrocincla fuliginosa
1115,Wedge-billed Woodcreeper,Glyphorynchus spirurus
1116,Northern Barred-Woodcreeper,Dendrocolaptes sanctithomae
1117,Black-banded Woodcreeper,Dendrocolaptes picumnus
1118,Strong-billed Woodcreeper,Xiphocolaptes promeropirhynchus
1119,Cocoa Woodcreeper,Xiphorhynchus susurrans
1120,Ivory-billed Woodcreeper,Xiphorhynchus flavigaster
1121,Black-striped Woodcreeper,Xiphorhynchus lachrymosus
1122,Spotted Woodcreeper,Xiphorhynchus erythropygius
1123,Straight-billed Woodcreeper,Dendroplex picus
1124,Red-billed Scythebill,Campylorhamphus trochilirostris
1125,Brown-billed Scythebill,Campylorhamphus pusillus
1126,White-striped Woodcreeper,Lepidocolaptes leucogaster
1127,Streak-headed Woodcreeper,Lepidocolaptes souleyetii
1128,Spot-crowned Woodcreeper,Lepidocolaptes affinis
1129,Plain Xenops,Xenops minutus
1130,Streaked Xenops,Xenops rutilans
1131,Buffy Tuftedcheek,Pseudocolaptes lawrencii
1132,Sharp-tailed Streamcreeper,Lochmias nematura
1133,Slaty-winged Foliage-gleaner,Philydor fuscipenne
1134,Buff-fronted Foliage-gleaner,Philydor rufum
1135,Scaly-throated Foliage-gleaner,Anabacerthia variegaticeps
1136,Lineated Foliage-gleaner,Syndactyla subalaris
1137,Ruddy Foliage-gleaner,Clibanornis rubiginosus
1138,Streak-breasted Treehunter,Thripadectes rufobrunneus
1139,Buff-throated Foliage-gleaner,Automolus ochrolaemus
1140,Striped Woodhaunter,Automolus subulatus
1141,Spotted Barbtail,Premnoplex brunnescens
1142,Beautiful Treerunner,Margarornis bellulus
1143,Ruddy Treerunner,Margarornis rubiginosus
1144,Double-banded Graytail,Xenerpestes minlosi
1145,Red-faced Spinetail,Cranioleuca erythrops
1146,Coiba Spinetail,Cranioleuca dissita
1147,Pale-breasted Spinetail,Synallaxis albescens
1148,Slaty Spinetail,Synallaxis brachyura
1149,Rufous-breasted Spinetail,Synallaxis erythrothorax
1150,Yellow-bellied Tyrannulet,Ornithion semiflavum
1151,Brown-capped Tyrannulet,Ornithion brunneicapillus
1152,Northern Beardless-Tyrannulet,Camptostoma imberbe
1153,Southern Beardless-Tyrannulet,Camptostoma obsoletum
1154,Mouse-colored Tyrannulet,Phaeomyias murina
1155,Cocos Flycatcher,Nesotriccus ridgwayi
1156,Yellow Tyrannulet,Capsiempis flaveola
1157,Yellow-crowned Tyrannulet,Tyrannulus elatus
1158,Forest Elaenia,Myiopagis gaimardii
1159,Gray Elaenia,Myiopagis caniceps
1160,Jamaican Elaenia,Myiopagis cotta
1161,Greenish Elaenia,Myiopagis viridicata
1162,Caribbean Elaenia,Elaenia martinica
1163,Yellow-bellied Elaenia,Elaenia flavogaster
1164,White-crested Elaenia,Elaenia albiceps
1165,Lesser Elaenia,Elaenia chiriquensis
1166,Mountain Elaenia,Elaenia frantzii
1167,Greater Antillean Elaenia,Elaenia fallax
1168,Torrent Tyrannulet,Serpophaga cinerea
1169,Olive-striped Flycatcher,Mionectes olivaceus
1170,Ochre-bellied Flycatcher,Mionectes oleagineus
1171,Sepia-capped Flycatcher,Leptopogon amaurocephalus
1172,Slaty-capped Flycatcher,Leptopogon superciliaris
1173,Yellow-green Tyrannulet,Phylloscartes flavovirens
1174,Rufous-browed Tyrannulet,Phylloscartes superciliaris
1175,Rough-legged Tyrannulet,Phyllomyias burmeisteri
1176,Sooty-headed Tyrannulet,Phyllomyias griseiceps
1177,Paltry Tyrannulet,Zimmerius vilissimus
1178,Northern Scrub-Flycatcher,Sublegatus arenarum
1179,Bronze-olive Pygmy-Tyrant,Pseudotriccus pelzelni
1180,Black-capped Pygmy-Tyrant,Myiornis atricapillus
1181,Scale-crested Pygmy-Tyrant,Lophotriccus pileatus
1182,Pale-eyed Pygmy-Tyrant,Lophotriccus pilaris
1183,Northern Bentbill,Oncostoma cinereigulare
1184,Southern Bentbill,Oncostoma olivaceum
1185,Slate-headed Tody-Flycatcher,Poecilotriccus sylvia
1186,Common Tody-Flycatcher,Todirostrum cinereum
1187,Black-headed Tody-Flycatcher,Todirostrum nigriceps
1188,Brownish Twistwing,Cnipodectes subbrunneus
1189,Eye-ringed Flatbill,Rhynchocyclus brevirostris
1190,Olivaceous Flatbill,Rhynchocyclus olivaceus
1191,Yellow-olive Flycatcher,Tolmomyias sulphurescens
1192,Yellow-margined Flycatcher,Tolmomyias assimilis
1193,Yellow-breasted Flycatcher,Tolmomyias flaviventris
1194,Stub-tailed Spadebill,Platyrinchus cancrominus
1195,White-throated Spadebill,Platyrinchus mystaceus
1196,Golden-crowned Spadebill,Platyrinchus coronatus
1197,Royal Flycatcher,Onychorhynchus coronatus
1198,Ruddy-tailed Flycatcher,Terenotriccus erythrurus
1199,Tawny-breasted Flycatcher,Myiobius villosus
1200,Sulphur-rumped Flycatcher,Myiobius sulphureipygius
1201,Black-tailed Flycatcher,Myiobius atricaudus
1202,Bran-colored Flycatcher,Myiophobus fasciatus
1203,Euler's Flycatcher,Lathrotriccus euleri
1204,Tawny-chested Flycatcher,Aphanotriccus capitalis
1205,Black-billed Flycatcher,Aphanotriccus audax
1206,Belted Flycatcher,Xenotriccus callizonus
1207,Pileated Flycatcher,Xenotriccus mexicanus
1208,Tufted Flycatcher,Mitrephanes phaeocercus
1209,Olive-sided Flycatcher,Contopus cooperi
1210,Greater Pewee,Contopus pertinax
1211,Dark Pewee,Contopus lugubris
1212,Ochraceous Pewee,Contopus ochraceus
1213,Western Wood-Pewee,Contopus sordidulus
1214,Eastern Wood-Pewee,Contopus virens
1215,Tropical Pewee,Contopus cinereus
1216,Cuban Pewee,Contopus caribaeus
1217,Jamaican Pewee,Contopus pallidus
1218,Hispaniolan Pewee,Contopus hispaniolensis
1219,Lesser Antillean Pewee,Contopus latirostris
1220,Yellow-bellied Flycatcher,Empidonax flaviventris
1221,Acadian Flycatcher,Empidonax virescens
1222,Alder Flycatcher,Empidonax alnorum
1223,Willow Flycatcher,Empidonax traillii
1224,White-throated Flycatcher,Empidonax albigularis
1225,Least Flycatcher,Empidonax minimus
1226,Hammond's Flycatcher,Empidonax hammondii
1227,Gray Flycatcher,Empidonax wrightii
1228,Dusky Flycatcher,Empidonax oberholseri
1229,Pine Flycatcher,Empidonax affinis
1230,Pacific-slope Flycatcher,Empidonax difficilis
1231,Cordilleran Flycatcher,Empidonax occidentalis
1232,Yellowish Flycatcher,Empidonax flavescens
1233,Buff-breasted Flycatcher,Empidonax fulvifrons
1234,Black-capped Flycatcher,Empidonax atriceps
1235,Black Phoebe,Sayornis nigricans
1236,Eastern Phoebe,Sayornis phoebe
1237,Say's Phoebe,Sayornis saya
1238,Vermilion Flycatcher,Pyrocephalus rubinus
1239,Pied Water-Tyrant,Fluvicola pica
1240,Long-tailed Tyrant,Colonia colonus
1241,Cattle Tyrant,Machetornis rixosa
1242,Bright-rumped Attila,Attila spadiceus
1243,Choco Sirystes,Sirystes albogriseus
1244,Rufous Mourner,Rhytipterna holerythra
1245,Yucatan Flycatcher,Myiarchus yucatanensis
1246,Sad Flycatcher,Myiarchus barbirostris
1247,Dusky-capped Flycatcher,Myiarchus tuberculifer
1248,Panama Flycatcher,Myiarchus panamensis
1249,Ash-throated Flycatcher,Myiarchus cinerascens
1250,Nutting's Flycatcher,Myiarchus nuttingi
1251,Great Crested Flycatcher,Myiarchus crinitus
1252,Brown-crested Flycatcher,Myiarchus tyrannulus
1253,Grenada Flycatcher,Myiarchus nugator
1254,Rufous-tailed Flycatcher,Myiarchus validus
1255,La Sagra's Flycatcher,Myiarchus sagrae
1256,Stolid Flycatcher,Myiarchus stolidus
1257,Puerto Rican Flycatcher,Myiarchus antillarum
1258,Lesser Antillean Flycatcher,Myiarchus oberi
1259,Flammulated Flycatcher,Deltarhynchus flammulatus
1260,Lesser Kiskadee,Pitangus lictor
1261,Great Kiskadee,Pitangus sulphuratus
1262,Boat-billed Flycatcher,Megarynchus pitangua
1263,Rusty-margined Flycatcher,Myiozetetes cayanensis
1264,Social Flycatcher,Myiozetetes similis
1265,Gray-capped Flycatcher,Myiozetetes granadensis
1266,White-ringed Flycatcher,Conopias albovittatus
1267,Golden-bellied Flycatcher,Myiodynastes hemichrysus
1268,Golden-crowned Flycatcher,Myiodynastes chrysocephalus
1269,Streaked Flycatcher,Myiodynastes maculatus
1270,Sulphur-bellied Flycatcher,Myiodynastes luteiventris
1271,Piratic Flycatcher,Legatus leucophaius
1272,Variegated Flycatcher,Empidonomus varius
1273,Crowned Slaty Flycatcher,Empidonomus aurantioatrocristatus
1274,Tropical Kingbird,Tyrannus melancholicus
1275,Couch's Kingbird,Tyrannus couchii
1276,Cassin's Kingbird,Tyrannus vociferans
1277,Thick-billed Kingbird,Tyrannus crassirostris
1278,Western Kingbird,Tyrannus verticalis
1279,Eastern Kingbird,Tyrannus tyrannus
1280,Gray Kingbird,Tyrannus dominicensis
1281,Loggerhead Kingbird,Tyrannus caudifasciatus
1282,Giant Kingbird,Tyrannus cubensis
1283,Scissor-tailed Flycatcher,Tyrannus forficatus
1284,Fork-tailed Flycatcher,Tyrannus savana
1285,Gray-headed Piprites,Piprites griseiceps
1286,Northern Schiffornis,Schiffornis veraepacis
1287,Russet-winged Schiffornis,Schiffornis stenorhyncha
1288,Speckled Mourner,Laniocera rufescens
1289,Masked Tityra,Tityra semifasciata
1290,Black-crowned Tityra,Tityra inquisitor
1291,Barred Becard,Pachyramphus versicolor
1292,Cinereous Becard,Pachyramphus rufus
1293,Cinnamon Becard,Pachyramphus cinnamomeus
1294,White-winged Becard,Pachyramphus polychopterus
1295,Black-and-white Becard,Pachyramphus albogriseus
1296,Gray-collared Becard,Pachyramphus major
1297,Rose-throated Becard,Pachyramphus aglaiae
1298,One-colored Becard,Pachyramphus homochrous
1299,Jamaican Becard,Pachyramphus niger
1300,Purple-throated Fruitcrow,Querula purpurata
1301,Bare-necked Umbrellabird,Cephalopterus glabricollis
1302,Lovely Cotinga,Cotinga amabilis
1303,Turquoise Cotinga,Cotinga ridgwayi
1304,Blue Cotinga,Cotinga nattererii
1305,Rufous Piha,Lipaugus unirufus
1306,Three-wattled Bellbird,Procnias tricarunculatus
1307,Black-tipped Cotinga,Carpodectes hopkei
1308,Yellow-billed Cotinga,Carpodectes antoniae
1309,Snowy Cotinga,Carpodectes nitidus
1310,Lance-tailed Manakin,Chiroxiphia lanceolata
1311,Long-tailed Manakin,Chiroxiphia linearis
1312,White-ruffed Manakin,Corapipo altera
1313,Green Manakin,Cryptopipo holochlora
1314,Blue-crowned Manakin,Lepidothrix coronata
1315,White-collared Manakin,Manacus candei
1316,Orange-collared Manakin,Manacus aurantiacus
1317,Golden-collared Manakin,Manacus vitellinus
1318,White-crowned Manakin,Dixiphia pipra
1319,Red-capped Manakin,Ceratopipra mentalis
1320,Golden-headed Manakin,Ceratopipra erythrocephala
1321,Sharpbill,Oxyruncus cristatus
1322,Brown Shrike,Lanius cristatus
1323,Loggerhead Shrike,Lanius ludovicianus
1324,Northern Shrike,Lanius borealis
1325,Rufous-browed Peppershrike,Cyclarhis gujanensis
1326,Scrub Greenlet,Hylophilus flavipes
1327,Chestnut-sided Shrike-Vireo,Vireolanius melitophrys
1328,Green Shrike-Vireo,Vireolanius pulchellus
1329,Yellow-browed Shrike-Vireo,Vireolanius eximius
1330,Tawny-crowned Greenlet,Tunchiornis ochraceiceps
1331,Lesser Greenlet,Pachysylvia decurtata
1332,Golden-fronted Greenlet,Pachysylvia aurantiifrons
1333,Golden Vireo,Vireo hypochryseus
1334,Blue Mountain Vireo,Vireo osburni
1335,Slaty Vireo,Vireo brevipennis
1336,Black-capped Vireo,Vireo atricapilla
1337,Dwarf Vireo,Vireo nelsoni
1338,White-eyed Vireo,Vireo griseus
1339,Thick-billed Vireo,Vireo crassirostris
1340,Mangrove Vireo,Vireo pallens
1341,Cozumel Vireo,Vireo bairdi
1342,San Andres Vireo,Vireo caribaeus
1343,Jamaican Vireo,Vireo modestus
1344,Cuban Vireo,Vireo gundlachii
1345,Puerto Rican Vireo,Vireo latimeri
1346,Flat-billed Vireo,Vireo nanus
1347,Bell's Vireo,Vireo bellii
1348,Gray Vireo,Vireo vicinior
1349,Hutton's Vireo,Vireo huttoni
1350,Yellow-throated Vireo,Vireo flavifrons
1351,Yellow-winged Vireo,Vireo carmioli
1352,Cassin's Vireo,Vireo cassinii
1353,Blue-headed Vireo,Vireo solitarius
1354,Plumbeous Vireo,Vireo plumbeus
1355,Philadelphia Vireo,Vireo philadelphicus
1356,Warbling Vireo,Vireo gilvus
1357,Brown-capped Vireo,Vireo leucophrys
1358,Red-eyed Vireo,Vireo olivaceus
1359,Yellow-green Vireo,Vireo flavoviridis
1360,Black-whiskered Vireo,Vireo altiloquus
1361,Yucatan Vireo,Vireo magister
1362,Gray Jay,Perisoreus canadensis
1363,White-throated Jay,Cyanolyca mirabilis
1364,Dwarf Jay,Cyanolyca nana
1365,Black-throated Jay,Cyanolyca pumilo
1366,Silvery-throated Jay,Cyanolyca argentigula
1367,Azure-hooded Jay,Cyanolyca cucullata
1368,Black-throated Magpie-Jay,Calocitta colliei
1369,White-throated Magpie-Jay,Calocitta formosa
1370,Brown Jay,Psilorhinus morio
1371,Tufted Jay,Cyanocorax dickeyi
1372,Black-chested Jay,Cyanocorax affinis
1373,Green Jay,Cyanocorax yncas
1374,Bushy-crested Jay,Cyanocorax melanocyaneus
1375,San Blas Jay,Cyanocorax sanblasianus
1376,Yucatan Jay,Cyanocorax yucatanicus
1377,Purplish-backed Jay,Cyanocorax beecheii
1378,Pinyon Jay,Gymnorhinus cyanocephalus
1379,Steller's Jay,Cyanocitta stelleri
1380,Blue Jay,Cyanocitta cristata
1381,Florida Scrub-Jay,Aphelocoma coerulescens
1382,Island Scrub-Jay,Aphelocoma insularis
1383,California Scrub-Jay,Aphelocoma californica
1384,Woodhouse's Scrub-Jay,Aphelocoma woodhouseii
1385,Transvolcanic Jay,Aphelocoma ultramarina
1386,Mexican Jay,Aphelocoma wollweberi
1387,Unicolored Jay,Aphelocoma unicolor
1388,Clark's Nutcracker,Nucifraga columbiana
1389,Black-billed Magpie,Pica hudsonia
1390,Yellow-billed Magpie,Pica nuttalli
1391,Eurasian Jackdaw,Corvus monedula
1392,Rook,Corvus frugilegus
1393,American Crow,Corvus brachyrhynchos
1394,Northwestern Crow,Corvus caurinus
1395,Palm Crow,Corvus palmarum
1396,Cuban Crow,Corvus nasicus
1397,White-necked Crow,Corvus leucognaphalus
1398,Hooded Crow,Corvus cornix
1399,Jamaican Crow,Corvus jamaicensis
1400,Tamaulipas Crow,Corvus imparatus
1401,Sinaloa Crow,Corvus sinaloae
1402,Fish Crow,Corvus ossifragus
1403,Hawaiian Crow,Corvus hawaiiensis
1404,Chihuahuan Raven,Corvus cryptoleucus
1405,Common Raven,Corvus corax
1406,Kauai Elepaio,Chasiempis sclateri
1407,Oahu Elepaio,Chasiempis ibidis
1408,Hawaii Elepaio,Chasiempis sandwichensis
1409,Eurasian Skylark,Alauda arvensis
1410,Horned Lark,Eremophila alpestris
1411,Purple Martin,Progne subis
1412,Cuban Martin,Progne cryptoleuca
1413,Caribbean Martin,Progne dominicensis
1414,Sinaloa Martin,Progne sinaloae
1415,Gray-breasted Martin,Progne chalybea
1416,Southern Martin,Progne elegans
1417,Brown-chested Martin,Progne tapera
1418,Tree Swallow,Tachycineta bicolor
1419,Mangrove Swallow,Tachycineta albilinea
1420,Golden Swallow,Tachycineta euchrysea
1421,Violet-green Swallow,Tachycineta thalassina
1422,Bahama Swallow,Tachycineta cyaneoviridis
1423,Blue-and-white Swallow,Pygochelidon cyanoleuca
1424,Black-capped Swallow,Atticora pileata
1425,White-thighed Swallow,Atticora tibialis
1426,Northern Rough-winged Swallow,Stelgidopteryx serripennis
1427,Southern Rough-winged Swallow,Stelgidopteryx ruficollis
1428,Bank Swallow,Riparia riparia
1429,Cliff Swallow,Petrochelidon pyrrhonota
1430,Cave Swallow,Petrochelidon fulva
1431,Barn Swallow,Hirundo rustica
1432,Common House-Martin,Delichon urbicum
1433,Carolina Chickadee,Poecile carolinensis
1434,Black-capped Chickadee,Poecile atricapillus
1435,Mountain Chickadee,Poecile gambeli
1436,Mexican Chickadee,Poecile sclateri
1437,Chestnut-backed Chickadee,Poecile rufescens
1438,Boreal Chickadee,Poecile hudsonicus
1439,Gray-headed Chickadee,Poecile cinctus
1440,Bridled Titmouse,Baeolophus wollweberi
1441,Oak Titmouse,Baeolophus inornatus
1442,Juniper Titmouse,Baeolophus ridgwayi
1443,Tufted Titmouse,Baeolophus bicolor
1444,Black-crested Titmouse,Baeolophus atricristatus
1445,Verdin,Auriparus flaviceps
1446,Bushtit,Psaltriparus minimus
1447,Red-breasted Nuthatch,Sitta canadensis
1448,White-breasted Nuthatch,Sitta carolinensis
1449,Pygmy Nuthatch,Sitta pygmaea
1450,Brown-headed Nuthatch,Sitta pusilla
1451,Brown Creeper,Certhia americana
1452,Rock Wren,Salpinctes obsoletus
1453,Nightingale Wren,Microcerculus philomela
1454,Scaly-breasted Wren,Microcerculus marginatus
1455,Canyon Wren,Catherpes mexicanus
1456,Sumichrast's Wren,Hylorchilus sumichrasti
1457,Nava's Wren,Hylorchilus navai
1458,Zapata Wren,Ferminia cerverai
1459,House Wren,Troglodytes aedon
1460,Socorro Wren,Troglodytes sissonii
1461,Clarion Wren,Troglodytes tanneri
1462,Rufous-browed Wren,Troglodytes rufociliatus
1463,Ochraceous Wren,Troglodytes ochraceus
1464,Pacific Wren,Troglodytes pacificus
1465,Winter Wren,Troglodytes hiemalis
1466,Timberline Wren,Thryorchilus browni
1467,Sedge Wren,Cistothorus platensis
1468,Marsh Wren,Cistothorus palustris
1469,Carolina Wren,Thryothorus ludovicianus
1470,Bewick's Wren,Thryomanes bewickii
1471,White-headed Wren,Campylorhynchus albobrunneus
1472,Band-backed Wren,Campylorhynchus zonatus
1473,Gray-barred Wren,Campylorhynchus megalopterus
1474,Giant Wren,Campylorhynchus chiapensis
1475,Bicolored Wren,Campylorhynchus griseus
1476,Rufous-naped Wren,Campylorhynchus rufinucha
1477,Spotted Wren,Campylorhynchus gularis
1478,Boucard's Wren,Campylorhynchus jocosus
1479,Yucatan Wren,Campylorhynchus yucatanicus
1480,Cactus Wren,Campylorhynchus brunneicapillus
1481,Sooty-headed Wren,Pheugopedius spadix
1482,Black-throated Wren,Pheugopedius atrogularis
1483,Rufous-breasted Wren,Pheugopedius rutilus
1484,Spot-breasted Wren,Pheugopedius maculipectus
1485,Happy Wren,Pheugopedius felix
1486,Black-bellied Wren,Pheugopedius fasciatoventris
1487,Rufous-and-white Wren,Thryophilus rufalbus
1488,Sinaloa Wren,Thryophilus sinaloa
1489,Banded Wren,Thryophilus pleurostictus
1490,Stripe-throated Wren,Cantorchilus leucopogon
1491,Stripe-breasted Wren,Cantorchilus thoracicus
1492,Cabanis's Wren,Cantorchilus modestus
1493,Canebrake Wren,Cantorchilus zeledoni
1494,Isthmian Wren,Cantorchilus elutus
1495,Bay Wren,Cantorchilus nigricapillus
1496,Riverside Wren,Cantorchilus semibadius
1497,Buff-breasted Wren,Cantorchilus leucotis
1498,White-bellied Wren,Uropsila leucogastra
1499,White-breasted Wood-Wren,Henicorhina leucosticta
1500,Gray-breasted Wood-Wren,Henicorhina leucophrys
1501,Song Wren,Cyphorhinus phaeocephalus
1502,Tawny-faced Gnatwren,Microbates cinereiventris
1503,Long-billed Gnatwren,Ramphocaenus melanurus
1504,Blue-gray Gnatcatcher,Polioptila caerulea
1505,Cuban Gnatcatcher,Polioptila lembeyei
1506,California Gnatcatcher,Polioptila californica
1507,Black-tailed Gnatcatcher,Polioptila melanura
1508,Black-capped Gnatcatcher,Polioptila nigriceps
1509,White-lored Gnatcatcher,Polioptila albiloris
1510,Tropical Gnatcatcher,Polioptila plumbea
1511,Slate-throated Gnatcatcher,Polioptila schistaceigula
1512,American Dipper,Cinclus mexicanus
1513,Red-vented Bulbul,Pycnonotus cafer
1514,Red-whiskered Bulbul,Pycnonotus jocosus
1515,Golden-crowned Kinglet,Regulus satrapa
1516,Ruby-crowned Kinglet,Regulus calendula
1517,Japanese Bush-Warbler,Cettia diphone
1518,Willow Warbler,Phylloscopus trochilus
1519,Common Chiffchaff,Phylloscopus collybita
1520,Wood Warbler,Phylloscopus sibilatrix
1521,Dusky Warbler,Phylloscopus fuscatus
1522,Pallas's Leaf Warbler,Phylloscopus proregulus
1523,Yellow-browed Warbler,Phylloscopus inornatus
1524,Arctic Warbler,Phylloscopus borealis
1525,Kamchatka Leaf Warbler,Phylloscopus examinandus
1526,Eurasian Blackcap,Sylvia atricapilla
1527,Lesser Whitethroat,Sylvia curruca
1528,Wrentit,Chamaea fasciata
1529,Japanese White-eye,Zosterops japonicus
1530,Greater Necklaced Laughingthrush,Garrulax pectoralis
1531,Hwamei,Garrulax canorus
1532,Red-billed Leiothrix,Leiothrix lutea
1533,Millerbird,Acrocephalus familiaris
1534,Sedge Warbler,Acrocephalus schoenobaenus
1535,Blyth's Reed Warbler,Acrocephalus dumetorum
1536,Black-capped Donacobius,Donacobius atricapilla
1537,Middendorff's Grasshopper-Warbler,Locustella ochotensis
1538,Lanceolated Warbler,Locustella lanceolata
1539,Gray-streaked Flycatcher,Muscicapa griseisticta
1540,Asian Brown Flycatcher,Muscicapa dauurica
1541,Spotted Flycatcher,Muscicapa striata
1542,Dark-sided Flycatcher,Muscicapa sibirica
1543,White-rumped Shama,Copsychus malabaricus
1544,Rufous-tailed Robin,Luscinia sibilans
1545,Siberian Rubythroat,Luscinia calliope
1546,Bluethroat,Luscinia svecica
1547,Siberian Blue Robin,Luscinia cyane
1548,Red-flanked Bluetail,Tarsiger cyanurus
1549,Narcissus Flycatcher,Ficedula narcissina
1550,Mugimaki Flycatcher,Ficedula mugimaki
1551,Taiga Flycatcher,Ficedula albicilla
1552,Common Redstart,Phoenicurus phoenicurus
1553,Stonechat,Saxicola torquatus
1554,Northern Wheatear,Oenanthe oenanthe
1555,Eastern Bluebird,Sialia sialis
1556,Western Bluebird,Sialia mexicana
1557,Mountain Bluebird,Sialia currucoides
1558,Townsend's Solitaire,Myadestes townsendi
1559,Brown-backed Solitaire,Myadestes occidentalis
1560,Cuban Solitaire,Myadestes elisabeth
1561,Rufous-throated Solitaire,Myadestes genibarbis
1562,Black-faced Solitaire,Myadestes melanops
1563,Varied Solitaire,Myadestes coloratus
1564,Slate-colored Solitaire,Myadestes unicolor
1565,Kamao,Myadestes myadestinus
1566,Amaui,Myadestes woahensis
1567,Olomao,Myadestes lanaiensis
1568,Omao,Myadestes obscurus
1569,Puaiohi,Myadestes palmeri
1570,White's Thrush,Zoothera aurea
1571,Black-billed Nightingale-Thrush,Catharus gracilirostris
1572,Orange-billed Nightingale-Thrush,Catharus aurantiirostris
1573,Slaty-backed Nightingale-Thrush,Catharus fuscater
1574,Russet Nightingale-Thrush,Catharus occidentalis
1575,Ruddy-capped Nightingale-Thrush,Catharus frantzii
1576,Black-headed Nightingale-Thrush,Catharus mexicanus
1577,Spotted Nightingale-Thrush,Catharus dryas
1578,Veery,Catharus fuscescens
1579,Gray-cheeked Thrush,Catharus minimus
1580,Bicknell's Thrush,Catharus bicknelli
1581,Swainson's Thrush,Catharus ustulatus
1582,Hermit Thrush,Catharus guttatus
1583,Wood Thrush,Hylocichla mustelina
1584,Eurasian Blackbird,Turdus merula
1585,Eyebrowed Thrush,Turdus obscurus
1586,Dusky Thrush,Turdus naumanni
1587,Fieldfare,Turdus pilaris
1588,Redwing,Turdus iliacus
1589,Song Thrush,Turdus philomelos
1590,Sooty Thrush,Turdus nigrescens
1591,Black Thrush,Turdus infuscatus
1592,Mountain Thrush,Turdus plebejus
1593,Cocoa Thrush,Turdus fumigatus
1594,Pale-vented Thrush,Turdus obsoletus
1595,Clay-colored Thrush,Turdus grayi
1596,Spectacled Thrush,Turdus nudigenis
1597,White-eyed Thrush,Turdus jamaicensis
1598,White-throated Thrush,Turdus assimilis
1599,Rufous-backed Robin,Turdus rufopalliatus
1600,Rufous-collared Robin,Turdus rufitorques
1601,American Robin,Turdus migratorius
1602,La Selle Thrush,Turdus swalesi
1603,White-chinned Thrush,Turdus aurantius
1604,Grand Cayman Thrush,Turdus ravidus
1605,Red-legged Thrush,Turdus plumbeus
1606,Forest Thrush,Turdus lherminieri
1607,Varied Thrush,Ixoreus naevius
1608,Aztec Thrush,Ridgwayia pinicola
1609,Blue Mockingbird,Melanotis caerulescens
1610,Blue-and-white Mockingbird,Melanotis hypoleucus
1611,Black Catbird,Melanoptila glabrirostris
1612,Gray Catbird,Dumetella carolinensis
1613,White-breasted Thrasher,Ramphocinclus brachyurus
1614,Scaly-breasted Thrasher,Allenia fusca
1615,Pearly-eyed Thrasher,Margarops fuscatus
1616,Brown Trembler,Cinclocerthia ruficauda
1617,Gray Trembler,Cinclocerthia gutturalis
1618,Curve-billed Thrasher,Toxostoma curvirostre
1619,Ocellated Thrasher,Toxostoma ocellatum
1620,Brown Thrasher,Toxostoma rufum
1621,Long-billed Thrasher,Toxostoma longirostre
1622,Cozumel Thrasher,Toxostoma guttatum
1623,Bendire's Thrasher,Toxostoma bendirei
1624,Gray Thrasher,Toxostoma cinereum
1625,California Thrasher,Toxostoma redivivum
1626,LeConte's Thrasher,Toxostoma lecontei
1627,Crissal Thrasher,Toxostoma crissale
1628,Sage Thrasher,Oreoscoptes montanus
1629,Bahama Mockingbird,Mimus gundlachii
1630,Socorro Mockingbird,Mimus graysoni
1631,Tropical Mockingbird,Mimus gilvus
1632,Northern Mockingbird,Mimus polyglottos
1633,European Starling,Sturnus vulgaris
1634,Common Myna,Acridotheres tristis
1635,Hill Myna,Gracula religiosa
1636,Bohemian Waxwing,Bombycilla garrulus
1637,Cedar Waxwing,Bombycilla cedrorum
1638,Kauai Oo,Moho braccatus
1639,Oahu Oo,Moho apicalis
1640,Bishop's Oo,Moho bishopi
1641,Hawaii Oo,Moho nobilis
1642,Kioea,Chaetoptila angustipluma
1643,Black-and-yellow Silky-flycatcher,Phainoptila melanoxantha
1644,Gray Silky-flycatcher,Ptiliogonys cinereus
1645,Long-tailed Silky-flycatcher,Ptiliogonys caudatus
1646,Phainopepla,Phainopepla nitens
1647,Palmchat,Dulus dominicus
1648,Olive Warbler,Peucedramus taeniatus
1649,Siberian Accentor,Prunella montanella
1650,Village Weaver,Ploceus cucullatus
1651,Northern Red Bishop,Euplectes franciscanus
1652,Yellow-crowned Bishop,Euplectes afer
1653,Pin-tailed Whydah,Vidua macroura
1654,Red-cheeked Cordonbleu,Uraeginthus bengalus
1655,Lavender Waxbill,Estrilda caerulescens
1656,Orange-cheeked Waxbill,Estrilda melpoda
1657,Black-rumped Waxbill,Estrilda troglodytes
1658,Common Waxbill,Estrilda astrild
1659,Red Avadavat,Amandava amandava
1660,Bronze Mannikin,Spermestes cucullata
1661,Indian Silverbill,Euodice malabarica
1662,African Silverbill,Euodice cantans
1663,Java Sparrow,Lonchura oryzivora
1664,Scaly-breasted Munia,Lonchura punctulata
1665,Tricolored Munia,Lonchura malacca
1666,Chestnut Munia,Lonchura atricapilla
1667,House Sparrow,Passer domesticus
1668,Eurasian Tree Sparrow,Passer montanus
1669,Eastern Yellow Wagtail,Motacilla tschutschensis
1670,Citrine Wagtail,Motacilla citreola
1671,Gray Wagtail,Motacilla cinerea
1672,White Wagtail,Motacilla alba
1673,Tree Pipit,Anthus trivialis
1674,Olive-backed Pipit,Anthus hodgsoni
1675,Pechora Pipit,Anthus gustavi
1676,Red-throated Pipit,Anthus cervinus
1677,American Pipit,Anthus rubescens
1678,Meadow Pipit,Anthus pratensis
1679,Sprague's Pipit,Anthus spragueii
1680,Yellowish Pipit,Anthus lutescens
1681,Common Chaffinch,Fringilla coelebs
1682,Brambling,Fringilla montifringilla
1683,Yellow-collared Chlorophonia,Chlorophonia flavirostris
1684,Blue-crowned Chlorophonia,Chlorophonia occipitalis
1685,Golden-browed Chlorophonia,Chlorophonia callophrys
1686,Jamaican Euphonia,Euphonia jamaica
1687,Scrub Euphonia,Euphonia affinis
1688,Yellow-crowned Euphonia,Euphonia luteicapilla
1689,Thick-billed Euphonia,Euphonia laniirostris
1690,Yellow-throated Euphonia,Euphonia hirundinacea
1691,Antillean Euphonia,Euphonia musica
1692,Elegant Euphonia,Euphonia elegantissima
1693,Fulvous-vented Euphonia,Euphonia fulvicrissa
1694,Spot-crowned Euphonia,Euphonia imitans
1695,Olive-backed Euphonia,Euphonia gouldi
1696,White-vented Euphonia,Euphonia minuta
1697,Tawny-capped Euphonia,Euphonia anneae
1698,Orange-bellied Euphonia,Euphonia xanthogaster
1699,Hooded Grosbeak,Coccothraustes abeillei
1700,Evening Grosbeak,Coccothraustes vespertinus
1701,Hawfinch,Coccothraustes coccothraustes
1702,Common Rosefinch,Carpodacus erythrinus
1703,Poo-uli,Melamprosops phaeosoma
1704,Akikiki,Oreomystis bairdi
1705,Oahu Alauahio,Paroreomyza maculata
1706,Kakawahie,Paroreomyza flammea
1707,Maui Alauahio,Paroreomyza montana
1708,Palila,Loxioides bailleui
1709,Laysan Finch,Telespiza cantans
1710,Nihoa Finch,Telespiza ultima
1711,Kona Grosbeak,Chloridops kona
1712,Lesser Koa-Finch,Rhodacanthis flaviceps
1713,Greater Koa-Finch,Rhodacanthis palmeri
1714,Ula-ai-hawane,Ciridops anna
1715,Akohekohe,Palmeria dolei
1716,Laysan Honeycreeper,Himatione fraithii
1717,Apapane,Himatione sanguinea
1718,Iiwi,Drepanis coccinea
1719,Hawaii Mamo,Drepanis pacifica
1720,Black Mamo,Drepanis funerea
1721,Ou,Psittirostra psittacea
1722,Lanai Hookbill,Dysmorodrepanis munroi
1723,Maui Parrotbill,Pseudonestor xanthophrys
1724,Kauai Nukupuu,Hemignathus hanapepe
1725,Oahu Nukupuu,Hemignathus lucidus
1726,Maui Nukupuu,Hemignathus affinis
1727,Akiapolaau,Hemignathus wilsoni
1728,Lesser Akialoa,Akialoa obscura
1729,Kauai Akialoa,Akialoa stejnegeri
1730,Oahu Akialoa,Akialoa ellisiana
1731,Maui-nui Akialoa,Akialoa lanaiensis
1732,Anianiau,Magumma parva
1733,Hawaii Amakihi,Chlorodrepanis virens
1734,Oahu Amakihi,Chlorodrepanis flava
1735,Kauai Amakihi,Chlorodrepanis stejnegeri
1736,Greater Amakihi,Viridonia sagittirostris
1737,Hawaii Creeper,Loxops mana
1738,Akekee,Loxops caeruleirostris
1739,Oahu Akepa,Loxops wolstenholmei
1740,Maui Akepa,Loxops ochraceus
1741,Hawaii Akepa,Loxops coccineus
1742,Pine Grosbeak,Pinicola enucleator
1743,Eurasian Bullfinch,Pyrrhula pyrrhula
1744,Asian Rosy-Finch,Leucosticte arctoa
1745,Gray-crowned Rosy-Finch,Leucosticte tephrocotis
1746,Black Rosy-Finch,Leucosticte atrata
1747,Brown-capped Rosy-Finch,Leucosticte australis
1748,House Finch,Haemorhous mexicanus
1749,Purple Finch,Haemorhous purpureus
1750,Cassin's Finch,Haemorhous cassinii
1751,Oriental Greenfinch,Chloris sinica
1752,Yellow-fronted Canary,Crithagra mozambica
1753,Common Redpoll,Acanthis flammea
1754,Lesser Redpoll,Acanthis cabaret
1755,Hoary Redpoll,Acanthis hornemanni
1756,Red Crossbill,Loxia curvirostra
1757,Cassia Crossbill,Loxia sinesciuris
1758,Hispaniolan Crossbill,Loxia megaplaga
1759,White-winged Crossbill,Loxia leucoptera
1760,European Goldfinch,Carduelis carduelis
1761,Eurasian Siskin,Spinus spinus
1762,Pine Siskin,Spinus pinus
1763,Black-capped Siskin,Spinus atriceps
1764,Black-headed Siskin,Spinus notatus
1765,Yellow-bellied Siskin,Spinus xanthogastrus
1766,Red Siskin,Spinus cucullatus
1767,Antillean Siskin,Spinus dominicensis
1768,Lesser Goldfinch,Spinus psaltria
1769,Lawrence's Goldfinch,Spinus lawrencei
1770,American Goldfinch,Spinus tristis
1771,Island Canary,Serinus canaria
1772,Lapland Longspur,Calcarius lapponicus
1773,Chestnut-collared Longspur,Calcarius ornatus
1774,Smith's Longspur,Calcarius pictus
1775,McCown's Longspur,Rhynchophanes mccownii
1776,Snow Bunting,Plectrophenax nivalis
1777,McKay's Bunting,Plectrophenax hyperboreus
1778,Rosy Thrush-Tanager,Rhodinocichla rosea
1779,Pine Bunting,Emberiza leucocephalos
1780,Yellow-browed Bunting,Emberiza chrysophrys
1781,Little Bunting,Emberiza pusilla
1782,Rustic Bunting,Emberiza rustica
1783,Yellow-throated Bunting,Emberiza elegans
1784,Yellow-breasted Bunting,Emberiza aureola
1785,Gray Bunting,Emberiza variabilis
1786,Pallas's Bunting,Emberiza pallasi
1787,Reed Bunting,Emberiza schoeniclus
1788,Yellow-thighed Finch,Pselliophorus tibialis
1789,Yellow-green Finch,Pselliophorus luteoviridis
1790,Large-footed Finch,Pezopetes capitalis
1791,Orange-billed Sparrow,Arremon aurantiirostris
1792,Sooty-faced Finch,Arremon crassirostris
1793,Chestnut-capped Brushfinch,Arremon brunneinucha
1794,Green-striped Brushfinch,Arremon virenticeps
1795,Costa Rican Brushfinch,Arremon costaricensis
1796,Black-headed Brushfinch,Arremon atricapillus
1797,Olive Sparrow,Arremonops rufivirgatus
1798,Green-backed Sparrow,Arremonops chloronotus
1799,Black-striped Sparrow,Arremonops conirostris
1800,White-naped Brushfinch,Atlapetes albinucha
1801,Rufous-capped Brushfinch,Atlapetes pileatus
1802,Collared Towhee,Pipilo ocai
1803,Green-tailed Towhee,Pipilo chlorurus
1804,Spotted Towhee,Pipilo maculatus
1805,Eastern Towhee,Pipilo erythrophthalmus
1806,Rusty Sparrow,Aimophila rufescens
1807,Rufous-crowned Sparrow,Aimophila ruficeps
1808,Oaxaca Sparrow,Aimophila notosticta
1809,White-eared Ground-Sparrow,Melozone leucotis
1810,White-faced Ground-Sparrow,Melozone biarcuata
1811,Cabanis's Ground-Sparrow,Melozone cabanisi
1812,Rusty-crowned Ground-Sparrow,Melozone kieneri
1813,Canyon Towhee,Melozone fusca
1814,White-throated Towhee,Melozone albicollis
1815,California Towhee,Melozone crissalis
1816,Abert's Towhee,Melozone aberti
1817,Cinnamon-tailed Sparrow,Peucaea sumichrasti
1818,Rufous-winged Sparrow,Peucaea carpalis
1819,Stripe-headed Sparrow,Peucaea ruficauda
1820,Black-chested Sparrow,Peucaea humeralis
1821,Bridled Sparrow,Peucaea mystacalis
1822,Botteri's Sparrow,Peucaea botterii
1823,Cassin's Sparrow,Peucaea cassinii
1824,Bachman's Sparrow,Peucaea aestivalis
1825,Striped Sparrow,Oriturus superciliosus
1826,Zapata Sparrow,Torreornis inexpectata
1827,American Tree Sparrow,Spizelloides arborea
1828,Chipping Sparrow,Spizella passerina
1829,Clay-colored Sparrow,Spizella pallida
1830,Brewer's Sparrow,Spizella breweri
1831,Field Sparrow,Spizella pusilla
1832,Worthen's Sparrow,Spizella wortheni
1833,Black-chinned Sparrow,Spizella atrogularis
1834,Vesper Sparrow,Pooecetes gramineus
1835,Lark Sparrow,Chondestes grammacus
1836,Five-striped Sparrow,Amphispiza quinquestriata
1837,Black-throated Sparrow,Amphispiza bilineata
1838,Sagebrush Sparrow,Artemisiospiza nevadensis
1839,Bell's Sparrow,Artemisiospiza belli
1840,Lark Bunting,Calamospiza melanocorys
1841,Savannah Sparrow,Passerculus sandwichensis
1842,Grasshopper Sparrow,Ammodramus savannarum
1843,Baird's Sparrow,Ammodramus bairdii
1844,Henslow's Sparrow,Ammodramus henslowii
1845,LeConte's Sparrow,Ammodramus leconteii
1846,Nelson's Sparrow,Ammodramus nelsoni
1847,Saltmarsh Sparrow,Ammodramus caudacutus
1848,Seaside Sparrow,Ammodramus maritimus
1849,Sierra Madre Sparrow,Xenospiza baileyi
1850,Fox Sparrow,Passerella iliaca
1851,Song Sparrow,Melospiza melodia
1852,Lincoln's Sparrow,Melospiza lincolnii
1853,Swamp Sparrow,Melospiza georgiana
1854,Rufous-collared Sparrow,Zonotrichia capensis
1855,White-throated Sparrow,Zonotrichia albicollis
1856,Harris's Sparrow,Zonotrichia querula
1857,White-crowned Sparrow,Zonotrichia leucophrys
1858,Golden-crowned Sparrow,Zonotrichia atricapilla
1859,Volcano Junco,Junco vulcani
1860,Dark-eyed Junco,Junco hyemalis
1861,Guadalupe Junco,Junco insularis
1862,Yellow-eyed Junco,Junco phaeonotus
1863,Baird's Junco,Junco bairdi
1864,Common Chlorospingus,Chlorospingus flavopectus
1865,Tacarcuna Chlorospingus,Chlorospingus tacarcunae
1866,Pirre Chlorospingus,Chlorospingus inornatus
1867,Sooty-capped Chlorospingus,Chlorospingus pileatus
1868,Yellow-throated Chlorospingus,Chlorospingus flavigularis
1869,Ashy-throated Chlorospingus,Chlorospingus canigularis
1870,Western Chat-Tanager,Calyptophilus tertius
1871,Eastern Chat-Tanager,Calyptophilus frugivorus
1872,Black-crowned Palm-Tanager,Phaenicophilus palmarum
1873,Gray-crowned Palm-Tanager,Phaenicophilus poliocephalus
1874,White-winged Warbler,Xenoligea montana
1875,Green-tailed Warbler,Microligea palustris
1876,Puerto Rican Tanager,Nesospingus speculiferus
1877,Western Spindalis,Spindalis zena
1878,Jamaican Spindalis,Spindalis nigricephala
1879,Hispaniolan Spindalis,Spindalis dominicensis
1880,Puerto Rican Spindalis,Spindalis portoricensis
1881,Wrenthrush,Zeledonia coronata
1882,Yellow-headed Warbler,Teretistris fernandinae
1883,Oriente Warbler,Teretistris fornsi
1884,Yellow-breasted Chat,Icteria virens
1885,Yellow-headed Blackbird,Xanthocephalus xanthocephalus
1886,Bobolink,Dolichonyx oryzivorus
1887,Eastern Meadowlark,Sturnella magna
1888,Western Meadowlark,Sturnella neglecta
1889,Red-breasted Blackbird,Leistes militaris
1890,Yellow-billed Cacique,Amblycercus holosericeus
1891,Yellow-winged Cacique,Cassiculus melanicterus
1892,Crested Oropendola,Psarocolius decumanus
1893,Chestnut-headed Oropendola,Psarocolius wagleri
1894,Montezuma Oropendola,Psarocolius montezuma
1895,Black Oropendola,Psarocolius guatimozinus
1896,Scarlet-rumped Cacique,Cacicus uropygialis
1897,Yellow-rumped Cacique,Cacicus cela
1898,Bahama Oriole,Icterus northropi
1899,Cuban Oriole,Icterus melanopsis
1900,Hispaniolan Oriole,Icterus dominicensis
1901,Puerto Rican Oriole,Icterus portoricensis
1902,St. Lucia Oriole,Icterus laudabilis
1903,Montserrat Oriole,Icterus oberi
1904,Martinique Oriole,Icterus bonana
1905,Black-vented Oriole,Icterus wagleri
1906,Bar-winged Oriole,Icterus maculialatus
1907,Black-cowled Oriole,Icterus prosthemelas
1908,Orchard Oriole,Icterus spurius
1909,Hooded Oriole,Icterus cucullatus
1910,Yellow-backed Oriole,Icterus chrysater
1911,Orange-crowned Oriole,Icterus auricapillus
1912,Yellow-tailed Oriole,Icterus mesomelas
1913,Venezuelan Troupial,Icterus icterus
1914,Streak-backed Oriole,Icterus pustulatus
1915,Bullock's Oriole,Icterus bullockii
1916,Orange Oriole,Icterus auratus
1917,Jamaican Oriole,Icterus leucopteryx
1918,Spot-breasted Oriole,Icterus pectoralis
1919,Altamira Oriole,Icterus gularis
1920,Audubon's Oriole,Icterus graduacauda
1921,Baltimore Oriole,Icterus galbula
1922,Black-backed Oriole,Icterus abeillei
1923,Scott's Oriole,Icterus parisorum
1924,Jamaican Blackbird,Nesopsar nigerrimus
1925,Red-winged Blackbird,Agelaius phoeniceus
1926,Red-shouldered Blackbird,Agelaius assimilis
1927,Tricolored Blackbird,Agelaius tricolor
1928,Tawny-shouldered Blackbird,Agelaius humeralis
1929,Yellow-shouldered Blackbird,Agelaius xanthomus
1930,Shiny Cowbird,Molothrus bonariensis
1931,Bronzed Cowbird,Molothrus aeneus
1932,Brown-headed Cowbird,Molothrus ater
1933,Giant Cowbird,Molothrus oryzivorus
1934,Melodious Blackbird,Dives dives
1935,Cuban Blackbird,Ptiloxena atroviolacea
1936,Rusty Blackbird,Euphagus carolinus
1937,Brewer's Blackbird,Euphagus cyanocephalus
1938,Common Grackle,Quiscalus quiscula
1939,Boat-tailed Grackle,Quiscalus major
1940,Great-tailed Grackle,Quiscalus mexicanus
1941,Slender-billed Grackle,Quiscalus palustris
1942,Nicaraguan Grackle,Quiscalus nicaraguensis
1943,Greater Antillean Grackle,Quiscalus niger
1944,Carib Grackle,Quiscalus lugubris
1945,Yellow-hooded Blackbird,Chrysomus icterocephalus
1946,Ovenbird,Seiurus aurocapilla
1947,Worm-eating Warbler,Helmitheros vermivorum
1948,Louisiana Waterthrush,Parkesia motacilla
1949,Northern Waterthrush,Parkesia noveboracensis
1950,Bachman's Warbler,Vermivora bachmanii
1951,Golden-winged Warbler,Vermivora chrysoptera
1952,Blue-winged Warbler,Vermivora cyanoptera
1953,Black-and-white Warbler,Mniotilta varia
1954,Prothonotary Warbler,Protonotaria citrea
1955,Swainson's Warbler,Limnothlypis swainsonii
1956,Crescent-chested Warbler,Oreothlypis superciliosa
1957,Flame-throated Warbler,Oreothlypis gutturalis
1958,Tennessee Warbler,Oreothlypis peregrina
1959,Orange-crowned Warbler,Oreothlypis celata
1960,Colima Warbler,Oreothlypis crissalis
1961,Lucy's Warbler,Oreothlypis luciae
1962,Nashville Warbler,Oreothlypis ruficapilla
1963,Virginia's Warbler,Oreothlypis virginiae
1964,Semper's Warbler,Leucopeza semperi
1965,Connecticut Warbler,Oporornis agilis
1966,Gray-crowned Yellowthroat,Geothlypis poliocephala
1967,Masked Yellowthroat,Geothlypis aequinoctialis
1968,MacGillivray's Warbler,Geothlypis tolmiei
1969,Mourning Warbler,Geothlypis philadelphia
1970,Kentucky Warbler,Geothlypis formosa
1971,Olive-crowned Yellowthroat,Geothlypis semiflava
1972,Black-polled Yellowthroat,Geothlypis speciosa
1973,Belding's Yellowthroat,Geothlypis beldingi
1974,Bahama Yellowthroat,Geothlypis rostrata
1975,Altamira Yellowthroat,Geothlypis flavovelata
1976,Common Yellowthroat,Geothlypis trichas
1977,Hooded Yellowthroat,Geothlypis nelsoni
1978,Whistling Warbler,Catharopeza bishopi
1979,Plumbeous Warbler,Setophaga plumbea
1980,Elfin-woods Warbler,Setophaga angelae
1981,Arrowhead Warbler,Setophaga pharetra
1982,Hooded Warbler,Setophaga citrina
1983,American Redstart,Setophaga ruticilla
1984,Kirtland's Warbler,Setophaga kirtlandii
1985,Cape May Warbler,Setophaga tigrina
1986,Cerulean Warbler,Setophaga cerulea
1987,Northern Parula,Setophaga americana
1988,Tropical Parula,Setophaga pitiayumi
1989,Magnolia Warbler,Setophaga magnolia
1990,Bay-breasted Warbler,Setophaga castanea
1991,Blackburnian Warbler,Setophaga fusca
1992,Yellow Warbler,Setophaga petechia
1993,Chestnut-sided Warbler,Setophaga pensylvanica
1994,Blackpoll Warbler,Setophaga striata
1995,Black-throated Blue Warbler,Setophaga caerulescens
1996,Palm Warbler,Setophaga palmarum
1997,Olive-capped Warbler,Setophaga pityophila
1998,Pine Warbler,Setophaga pinus
1999,Yellow-rumped Warbler,Setophaga coronata
2000,Yellow-throated Warbler,Setophaga dominica
2001,Bahama Warbler,Setophaga flavescens
2002,Vitelline Warbler,Setophaga vitellina
2003,Prairie Warbler,Setophaga discolor
2004,Adelaide's Warbler,Setophaga adelaidae
2005,Barbuda Warbler,Setophaga subita
2006,St. Lucia Warbler,Setophaga delicata
2007,Grace's Warbler,Setophaga graciae
2008,Black-throated Gray Warbler,Setophaga nigrescens
2009,Townsend's Warbler,Setophaga townsendi
2010,Hermit Warbler,Setophaga occidentalis
2011,Golden-cheeked Warbler,Setophaga chrysoparia
2012,Black-throated Green Warbler,Setophaga virens
2013,Buff-rumped Warbler,Myiothlypis fulvicauda
2014,Fan-tailed Warbler,Basileuterus lachrymosus
2015,Rufous-capped Warbler,Basileuterus rufifrons
2016,Black-cheeked Warbler,Basileuterus melanogenys
2017,Pirre Warbler,Basileuterus ignotus
2018,Golden-browed Warbler,Basileuterus belli
2019,Golden-crowned Warbler,Basileuterus culicivorus
2020,Costa Rican Warbler,Basileuterus melanotis
2021,Tacarcuna Warbler,Basileuterus tacarcunae
2022,Canada Warbler,Cardellina canadensis
2023,Wilson's Warbler,Cardellina pusilla
2024,Red-faced Warbler,Cardellina rubrifrons
2025,Red Warbler,Cardellina rubra
2026,Pink-headed Warbler,Cardellina versicolor
2027,Painted Redstart,Myioborus pictus
2028,Slate-throated Redstart,Myioborus miniatus
2029,Collared Redstart,Myioborus torquatus
2030,Dusky-faced Tanager,Mitrospingus cassinii
2031,Rose-throated Tanager,Piranga roseogularis
2032,Hepatic Tanager,Piranga flava
2033,Summer Tanager,Piranga rubra
2034,Scarlet Tanager,Piranga olivacea
2035,Western Tanager,Piranga ludoviciana
2036,Flame-colored Tanager,Piranga bidentata
2037,White-winged Tanager,Piranga leucoptera
2038,Red-headed Tanager,Piranga erythrocephala
2039,Red-crowned Ant-Tanager,Habia rubica
2040,Red-throated Ant-Tanager,Habia fuscicauda
2041,Black-cheeked Ant-Tanager,Habia atrimaxillaris
2042,Carmiol's Tanager,Chlorothraupis carmioli
2043,Lemon-spectacled Tanager,Chlorothraupis olivacea
2044,Black-faced Grosbeak,Caryothraustes poliogaster
2045,Yellow-green Grosbeak,Caryothraustes canadensis
2046,Crimson-collared Grosbeak,Rhodothraupis celaeno
2047,Northern Cardinal,Cardinalis cardinalis
2048,Pyrrhuloxia,Cardinalis sinuatus
2049,Yellow Grosbeak,Pheucticus chrysopeplus
2050,Black-thighed Grosbeak,Pheucticus tibialis
2051,Rose-breasted Grosbeak,Pheucticus ludovicianus
2052,Black-headed Grosbeak,Pheucticus melanocephalus
2053,Red-breasted Chat,Granatellus venustus
2054,Gray-throated Chat,Granatellus sallaei
2055,Blue Seedeater,Amaurospiza concolor
2056,Blue-black Grosbeak,Cyanocompsa cyanoides
2057,Blue Bunting,Cyanocompsa parellina
2058,Blue Grosbeak,Passerina caerulea
2059,Lazuli Bunting,Passerina amoena
2060,Indigo Bunting,Passerina cyanea
2061,Rose-bellied Bunting,Passerina rositae
2062,Orange-breasted Bunting,Passerina leclancherii
2063,Varied Bunting,Passerina versicolor
2064,Painted Bunting,Passerina ciris
2065,Dickcissel,Spiza americana
2066,Blue-and-gold Tanager,Bangsia arcaei
2067,Red-crested Cardinal,Paroaria coronata
2068,Yellow-billed Cardinal,Paroaria capitata
2069,Blue-gray Tanager,Thraupis episcopus
2070,Yellow-winged Tanager,Thraupis abbas
2071,Palm Tanager,Thraupis palmarum
2072,Gray-and-gold Tanager,Tangara palmeri
2073,Azure-rumped Tanager,Tangara cabanisi
2074,Lesser Antillean Tanager,Tangara cucullata
2075,Golden-hooded Tanager,Tangara larvata
2076,Speckled Tanager,Tangara guttata
2077,Green-naped Tanager,Tangara fucosa
2078,Spangle-cheeked Tanager,Tangara dowii
2079,Plain-colored Tanager,Tangara inornata
2080,Rufous-winged Tanager,Tangara lavinia
2081,Bay-headed Tanager,Tangara gyrola
2082,Emerald Tanager,Tangara florida
2083,Silver-throated Tanager,Tangara icterocephala
2084,White-eared Conebill,Conirostrum leucogenys
2085,Saffron Finch,Sicalis flaveola
2086,Grassland Yellow-Finch,Sicalis luteola
2087,Slaty Finch,Haplospiza rustica
2088,Peg-billed Finch,Acanthidops bairdi
2089,Cinnamon-bellied Flowerpiercer,Diglossa baritula
2090,Slaty Flowerpiercer,Diglossa plumbea
2091,Green Honeycreeper,Chlorophanes spiza
2092,Black-and-yellow Tanager,Chrysothlypis chrysomelas
2093,Sulphur-rumped Tanager,Heterospingus rubrifrons
2094,Scarlet-browed Tanager,Heterospingus xanthopygius
2095,Yellow-backed Tanager,Hemithraupis flavicollis
2096,Blue-black Grassquit,Volatinia jacarina
2097,Gray-headed Tanager,Eucometis penicillata
2098,White-shouldered Tanager,Tachyphonus luctuosus
2099,Tawny-crested Tanager,Tachyphonus delatrii
2100,White-lined Tanager,Tachyphonus rufus
2101,Black-throated Shrike-Tanager,Lanio aurantius
2102,White-throated Shrike-Tanager,Lanio leucothorax
2103,Crimson-collared Tanager,Ramphocelus sanguinolentus
2104,Flame-rumped Tanager,Ramphocelus flammigerus
2105,Passerini's Tanager,Ramphocelus passerinii
2106,Cherrie's Tanager,Ramphocelus costaricensis
2107,Crimson-backed Tanager,Ramphocelus dimidiatus
2108,Swallow Tanager,Tersina viridis
2109,Shining Honeycreeper,Cyanerpes lucidus
2110,Purple Honeycreeper,Cyanerpes caeruleus
2111,Red-legged Honeycreeper,Cyanerpes cyaneus
2112,Scarlet-thighed Dacnis,Dacnis venusta
2113,Blue Dacnis,Dacnis cayana
2114,Viridian Dacnis,Dacnis viguieri
2115,Bananaquit,Coereba flaveola
2116,Cuban Grassquit,Tiaris canorus
2117,Yellow-faced Grassquit,Tiaris olivaceus
2118,Black-faced Grassquit,Tiaris bicolor
2119,Orangequit,Euneornis campestris
2120,Puerto Rican Bullfinch,Loxigilla portoricensis
2121,Greater Antillean Bullfinch,Loxigilla violacea
2122,Lesser Antillean Bullfinch,Loxigilla noctis
2123,Barbados Bullfinch,Loxigilla barbadensis
2124,Cuban Bullfinch,Melopyrrha nigra
2125,Yellow-shouldered Grassquit,Loxipasser anoxanthus
2126,St. Lucia Black Finch,Melanospiza richardsoni
2127,Cocos Finch,Pinaroloxias inornata
2128,Lined Seedeater,Sporophila lineola
2129,Thick-billed Seed-Finch,Sporophila funerea
2130,Large-billed Seed-Finch,Sporophila crassirostris
2131,Nicaraguan Seed-Finch,Sporophila nuttingi
2132,Variable Seedeater,Sporophila corvina
2133,Slate-colored Seedeater,Sporophila schistacea
2134,White-collared Seedeater,Sporophila torqueola
2135,Yellow-bellied Seedeater,Sporophila nigricollis
2136,Ruddy-breasted Seedeater,Sporophila minuta
2137,Wedge-tailed Grass-Finch,Emberizoides herbicola
2138,Black-headed Saltator,Saltator atriceps
2139,Buff-throated Saltator,Saltator maximus
2140,Slate-colored Grosbeak,Saltator grossus
2141,Lesser Antillean Saltator,Saltator albicollis
2142,Grayish Saltator,Saltator coerulescens
2143,Streaked Saltator,Saltator striatipectus
3000,Greater Necklaced Laughingthrush,Ianthocincla pectoralis
